userselection_id,username,useremail,house_id,user_choice,created_date
92,Gabriel,,173,Love,2021-01-11 03:46:20.479104
93,Gabriel,,174,Love,2021-01-11 03:47:32.542676
94,Gabriel,,175,Like,2021-01-11 03:47:44.941278
95,Gabriel,,176,Dislike,2021-01-11 03:47:50.783502
96,Gabriel,,177,Dislike,2021-01-11 03:47:57.011833
97,Gabriel,,178,Like,2021-01-11 03:48:00.624495
98,Gabriel,,179,Dislike,2021-01-11 03:48:05.607776
99,Gabriel,,180,Like,2021-01-11 03:48:10.048931
100,Gabriel,,181,Dislike,2021-01-11 03:48:13.939684
101,Gabriel,,182,Dislike,2021-01-11 03:48:19.796729
102,Gabriel,,183,Like,2021-01-11 03:48:25.749024
103,Gabriel,,210,Like,2021-01-11 03:48:30.295068
104,Gabriel,,211,Dislike,2021-01-11 03:48:35.849188
105,Gabriel,,83,Dislike,2021-01-11 03:48:43.426563
106,Gabriel,,87,Dislike,2021-01-11 03:54:54.668388
107,Gabriel,,117,Dislike,2021-01-11 03:59:50.290874
108,Gabriel,,118,Dislike,2021-01-11 04:20:35.36505
109,Gabriel,,119,Dislike,2021-01-11 04:20:44.15961
110,Gabriel,,120,Dislike,2021-01-11 04:20:50.936436
111,Gabriel,,184,Dislike,2021-01-11 04:21:54.451995
112,Gabriel,,1,Yes,2021-01-11 04:23:14.571025
113,Gabriel,,2,No,2021-01-11 04:24:11.655827
114,Gabriel,,3,Maybe,2021-01-11 04:26:29.495944
115,Gabriel,,4,Yes,2021-01-11 04:48:55.354065
116,Gabriel,,5,No,2021-01-11 05:22:28.421262
117,Gabriel,,6,No,2021-01-11 05:22:34.768972
118,Gabriel,,7,No,2021-01-11 05:22:38.132991
119,Gabriel,,8,No,2021-01-11 05:22:41.427917
120,Gabriel,,9,No,2021-01-11 05:22:49.78455
121,Gabriel,,10,No,2021-01-11 05:22:56.45304
122,Gabriel,,11,No,2021-01-11 05:23:00.603376
123,Gabriel,,12,No,2021-01-11 05:23:03.996038
124,Gabriel,,13,No,2021-01-11 05:23:08.230123
125,Gabriel,,14,No,2021-01-11 05:23:10.979924
126,Gabriel,,15,No,2021-01-11 05:23:15.929805
127,Gabriel,,16,No,2021-01-11 05:23:19.441536
128,Gabriel,,17,No,2021-01-11 05:23:24.096865
129,Gabriel,,18,No,2021-01-11 05:23:27.083741
130,Gabriel,,19,No,2021-01-11 05:23:29.938517
131,Gabriel,,20,Yes,2021-01-11 05:26:08.210115
132,Gabriel,,21,No,2021-01-11 05:26:12.862355
133,Gabriel,,22,Yes,2021-01-11 05:26:21.86084
134,Gabriel,,469,No,2021-01-11 05:53:58.58351
135,Gabriel,,168,No,2021-01-11 05:54:09.664453
136,Gabriel,,202,Maybe,2021-01-11 05:54:18.802809
137,kika,,148,No,2021-01-11 05:54:57.893513
138,Gabriel,,362,No,2021-01-11 05:57:47.735286
139,Gabriel,,366,No,2021-01-11 05:58:06.015567
140,Gabriel,,199,No,2021-01-11 06:01:29.054692
141,Gabriel,,121,No,2021-01-11 06:01:32.234879
142,Gabriel,,194,No,2021-01-11 06:06:09.036813
143,Gabriel,,220,No,2021-01-11 06:06:16.161942
144,Gabriel,,280,No,2021-01-11 06:06:20.14721
145,Gabriel,,247,No,2021-01-11 06:06:23.017228
146,Gabriel,,423,Yes,2021-01-11 06:06:26.417739
147,Gabriel,,158,Maybe,2021-01-11 06:06:29.325853
148,Gabriel,,274,No,2021-01-11 06:06:32.875735
149,Gabriel,,463,Yes,2021-01-11 06:06:36.280553
150,Gabriel,,363,No,2021-01-11 06:06:39.229975
151,Gabriel,,328,Maybe,2021-01-11 06:06:42.259469
152,Gabriel,,288,No,2021-01-11 06:08:10.009649
153,Gabriel,,446,Maybe,2021-01-11 06:08:24.81061
154,Gabriel,,517,No,2021-01-11 06:08:28.73873
155,Gabriel,,442,No,2021-01-11 06:08:32.147207
156,Gabriel,,287,Yes,2021-01-11 06:08:37.759786
157,Gabriel,,36,No,2021-01-11 06:08:43.687935
158,Gabriel,,455,No,2021-01-11 06:08:57.552701
159,Gabriel,,116,No,2021-01-11 06:09:01.059363
160,Gabriel,,374,No,2021-01-11 06:09:21.094807
161,Gabriel,,156,Yes,2021-01-11 06:09:25.470614
162,Gabriel,,276,Yes,2021-01-11 06:09:31.727694
163,Gabriel,,241,No,2021-01-11 06:11:33.899645
164,Gabriel,,379,No,2021-01-11 06:11:38.75751
165,Gabriel,,24,Maybe,2021-01-11 06:11:42.330736
166,Gabriel,,358,No,2021-01-11 06:11:45.074401
167,Gabriel,,402,No,2021-01-11 06:17:17.875969
168,Gabriel,,221,No,2021-01-11 06:17:21.815567
169,Gabriel,,258,No,2021-01-11 06:17:24.865666
170,Gabriel,,336,No,2021-01-11 06:17:28.402564
171,Gabriel,,465,Yes,2021-01-11 06:17:31.351384
172,Gabriel,,239,Yes,2021-01-11 06:17:34.254088
173,Gabriel,,193,No,2021-01-11 06:17:37.918764
174,Gabriel,,528,Maybe,2021-01-11 06:17:41.087947
175,Gabriel,,421,No,2021-01-11 06:17:45.090441
176,Gabriel,,427,No,2021-01-11 06:17:48.097689
177,Gabriel,,31,No,2021-01-11 06:17:50.816791
178,Gabriel,,319,No,2021-01-11 06:17:59.709036
179,Gabriel,,451,Yes,2021-01-11 06:18:03.780397
180,Gabriel,,122,Yes,2021-01-11 06:18:06.73985
181,Gabriel,,497,Yes,2021-01-11 06:18:10.742129
182,Gabriel,,79,No,2021-01-11 06:18:13.856805
183,Gabriel,,214,Yes,2021-01-11 06:18:17.47347
184,Gabriel,,346,Yes,2021-01-11 06:18:21.679636
185,Gabriel,,521,No,2021-01-11 06:18:24.621395
186,Gabriel,,278,Maybe,2021-01-11 06:18:29.474561
187,Gabriel,,529,Maybe,2021-01-11 06:18:32.353877
188,Gabriel,,419,Yes,2021-01-11 06:25:03.797626
189,Gabriel,,326,No,2021-01-11 06:25:13.899801
190,Gabriel,,403,No,2021-01-11 06:25:54.395187
191,Gabriel,,295,No,2021-01-11 06:26:06.501282
192,Gabriel,,467,No,2021-01-11 06:26:13.022947
193,Gabriel,,246,Yes,2021-01-11 06:26:21.530918
194,Gabriel,,172,Yes,2021-01-11 06:26:26.552159
195,Gabriel,,23,Yes,2021-01-11 06:26:41.484625
196,Gabriel,,143,No,2021-01-11 06:26:45.276099
197,Gabriel,,198,No,2021-01-11 06:26:49.931898
198,Gabriel,,377,No,2021-01-11 06:26:55.656387
199,Gabriel,,361,Maybe,2021-01-11 06:26:59.926381
200,Gabriel,,25,No,2021-01-11 06:27:05.311067
201,Gabriel,,447,Yes,2021-01-11 06:27:10.618201
202,Gabriel,,428,No,2021-01-11 06:27:15.710527
203,Gabriel,,509,Yes,2021-01-11 06:27:19.827479
204,Gabriel,,424,No,2021-01-11 06:27:24.974719
205,Gabriel,,390,No,2021-01-11 06:27:29.211194
206,Gabriel,,124,No,2021-01-11 06:27:33.590608
207,Gabriel,,29,Maybe,2021-01-11 06:27:38.555696
208,Gabriel,,72,No,2021-01-11 06:27:42.859636
209,Gabriel,,129,No,2021-01-11 06:27:49.980097
210,Gabriel,,429,No,2021-01-11 06:27:54.915004
211,Gabriel,,549,Yes,2021-01-11 06:27:59.049312
212,Gabriel,,50,No,2021-01-11 06:28:04.14616
213,Gabriel,,109,Maybe,2021-01-11 06:28:15.589815
214,Gabriel,,197,No,2021-01-11 06:28:19.564075
215,Gabriel,,26,Yes,2021-01-11 06:28:24.774746
216,Gabriel,,289,No,2021-01-11 06:28:29.593779
217,Gabriel,,130,No,2021-01-11 06:28:36.158242
218,Gabriel,,27,No,2021-01-11 06:30:00.566657
219,Gabriel,,505,No,2021-01-11 06:30:04.303564
220,Gabriel,,224,No,2021-01-11 06:30:07.556778
221,Gabriel,,28,No,2021-01-11 06:30:11.04107
222,Gabriel,,255,No,2021-01-11 06:30:15.743175
223,Gabriel,,330,No,2021-01-11 06:30:19.00996
224,Gabriel,,185,Yes,2021-01-11 06:30:24.147586
225,Gabriel,,392,No,2021-01-11 06:30:28.487466
226,Gabriel,,478,Maybe,2021-01-11 06:30:32.683433
227,Gabriel,,226,No,2021-01-11 06:30:36.34287
228,Gabriel,,466,Maybe,2021-01-11 06:30:42.270346
230,Gabriel,,48,Yes,2021-01-11 06:30:49.637878
231,Gabriel,,301,Maybe,2021-01-11 06:30:54.868213
229,Gabriel,,339,No,2021-01-11 06:30:46.019431
232,Gabriel,,380,No,2021-01-11 06:30:59.712224
233,Gabriel,,507,No,2021-01-11 06:31:03.369538
234,Gabriel,,461,No,2021-01-11 06:31:07.186415
235,Gabriel,,125,Yes,2021-01-11 06:31:10.724774
236,Gabriel,,102,Maybe,2021-01-11 06:31:16.247253
237,Gabriel,,264,Maybe,2021-01-11 06:37:31.396323
238,Gabriel,,388,Maybe,2021-01-11 06:37:38.384739
239,Gabriel,,153,Yes,2021-01-11 06:37:43.382511
240,Gabriel,,242,No,2021-01-11 06:37:52.603288
241,Gabriel,,43,Yes,2021-01-11 06:37:57.317977
242,Gabriel,,30,Maybe,2021-01-11 06:38:27.791522
243,Gabriel,,273,Yes,2021-01-11 06:41:23.703861
244,Gabriel,,271,Yes,2021-01-11 06:41:29.453666
245,Gabriel,,531,No,2021-01-11 06:41:36.65635
246,Gabriel,,448,Yes,2021-01-11 06:41:46.790514
247,Gabriel,,55,No,2021-01-11 06:41:51.914881
248,Gabriel,,523,Yes,2021-01-11 06:41:58.994018
249,Gabriel,,99,No,2021-01-11 06:42:02.778258
250,Gabriel,,519,Maybe,2021-01-11 06:42:06.039375
251,Gabriel,,533,No,2021-01-11 06:42:09.295271
252,Gabriel,,277,Yes,2021-01-11 06:42:12.876043
253,Gabriel,,56,No,2021-01-11 06:42:16.482728
254,Gabriel,,484,Maybe,2021-01-11 06:42:20.176272
255,Gabriel,,100,Yes,2021-01-11 06:42:52.310298
256,Gabriel,,203,No,2021-01-11 06:42:56.616718
257,Gabriel,,410,Maybe,2021-01-11 06:43:18.308836
258,Gabriel,,225,Yes,2021-01-11 06:43:28.235441
259,Gabriel,,530,No,2021-01-11 06:43:45.882439
260,Gabriel,,416,No,2021-01-11 06:43:50.919542
261,Gabriel,,94,Yes,2021-01-11 07:12:54.505105
262,Gabriel,,73,No,2021-01-11 07:13:03.918173
263,Gabriel,,637,Yes,2021-01-11 07:13:59.75112
264,Gabriel,,334,Yes,2021-01-11 07:14:25.926203
265,Gabriel,,387,Yes,2021-01-11 07:14:41.282406
266,Gabriel,,456,No,2021-01-11 07:14:52.981089
267,Gabriel,,60,Yes,2021-01-11 07:15:02.684872
268,Gabriel,,496,Yes,2021-01-11 07:15:12.938505
269,Gabriel,,200,No,2021-01-11 07:15:33.257552
270,David,,39,Yes,2021-01-11 16:47:04.867361
271,David,,385,No,2021-01-11 16:52:10.330889
272,David,,185,No,2021-01-11 16:52:24.946365
273,David,,543,No,2021-01-11 16:52:29.770307
274,David,,392,No,2021-01-11 16:52:34.502269
275,David,,649,No,2021-01-11 16:52:37.100613
276,David,,163,No,2021-01-11 16:52:39.666049
277,David,,629,No,2021-01-11 16:52:42.21905
278,David,,262,No,2021-01-11 16:52:44.830493
279,Gabriel,,541,No,2021-01-11 16:53:35.671776
280,Gabriel,,565,No,2021-01-11 17:06:50.248062
281,Gabriel,,582,Yes,2021-01-11 17:06:58.315157
282,Gabriel,,348,No,2021-01-11 17:07:04.405584
283,Gabriel,,157,Yes,2021-01-11 17:33:13.438467
284,Gabriel,,266,No,2021-01-11 17:33:21.05484
285,Gabriel,,684,No,2021-01-11 17:33:24.939435
286,Gabriel,,595,No,2021-01-11 17:34:28.385218
287,Gabriel,,616,No,2021-01-11 17:34:39.744537
288,Gabriel,,551,Yes,2021-01-11 17:34:44.968673
289,Gabriel,,425,Yes,2021-01-11 17:35:02.159446
290,Gabriel,,40,No,2021-01-11 17:35:09.171448
291,Gabriel,,359,No,2021-01-11 17:35:13.21033
292,Gabriel,,639,No,2021-01-11 17:35:17.145268
293,Gabriel,,634,No,2021-01-11 17:35:29.861466
294,Gabriel,,415,No,2021-01-11 17:35:37.452644
295,Gabriel,,462,Yes,2021-01-11 17:39:22.690645
296,Gabriel,,576,No,2021-01-11 17:39:26.611746
297,Gabriel,,673,Yes,2021-01-11 18:01:02.615398
298,Gabriel,,191,No,2021-01-11 18:01:06.513393
299,Gabriel,,655,No,2021-01-11 18:01:11.986131
300,Gabriel,,364,Yes,2021-01-11 18:01:21.132639
301,Gabriel,,638,No,2021-01-11 18:01:25.392151
302,Gabriel,,726,No,2021-01-11 19:09:28.223473
303,Gabriel,,265,Yes,2021-01-11 19:11:05.829064
304,Gabriel,,705,No,2021-01-11 19:11:11.459235
305,Gabriel,,32,No,2021-01-11 19:11:38.195984
306,Gabriel,,414,No,2021-01-11 19:11:43.212747
307,Gabriel,,297,No,2021-01-11 19:11:48.755287
308,Gabriel,,34,No,2021-01-11 19:11:52.376554
309,Gabriel,,347,Yes,2021-01-11 19:11:55.860916
310,Gabriel,,332,No,2021-01-11 19:12:18.215216
311,Gabriel,,568,No,2021-01-11 19:12:28.120863
312,Gabriel,,223,No,2021-01-11 19:12:43.842543
313,Gabriel,,44,No,2021-01-11 19:12:46.922826
314,Gabriel,,201,No,2021-01-11 19:13:02.794308
315,Gabriel,,715,No,2021-01-11 19:13:06.444024
316,Gabriel,,532,No,2021-01-11 19:13:10.111255
317,Gabriel,,477,No,2021-01-11 19:13:14.145452
318,Gabriel,,373,No,2021-01-11 19:13:21.655414
319,Gabriel,,302,Yes,2021-01-11 19:13:42.689827
320,Gabriel,,406,No,2021-01-11 19:13:46.514287
321,Gabriel,,159,No,2021-01-11 19:13:51.341339
322,Gabriel,,587,No,2021-01-11 19:13:58.510067
323,Gabriel,,399,No,2021-01-11 19:14:04.845206
324,Gabriel,,719,No,2021-01-11 19:14:09.262954
325,Gabriel,,738,Yes,2021-01-11 19:14:15.806246
326,Gabriel,,248,No,2021-01-11 19:14:19.492271
327,Gabriel,,279,No,2021-01-11 19:14:22.77773
328,Gabriel,,659,No,2021-01-11 19:14:26.861089
329,Gabriel,,243,No,2021-01-11 19:14:34.822535
330,Gabriel,,670,Yes,2021-01-11 19:14:38.875076
331,Gabriel,,722,No,2021-01-11 19:14:42.494232
332,Gabriel,,103,No,2021-01-11 19:14:46.222799
333,Gabriel,,661,No,2021-01-11 19:14:50.255325
334,Gabriel,,473,No,2021-01-11 19:14:55.065223
335,Gabriel,,344,No,2021-01-11 19:14:59.807075
336,Gabriel,,413,Yes,2021-01-11 19:25:47.88138
337,Gabriel,,138,Maybe,2021-01-11 19:26:12.643963
338,Gabriel,,394,No,2021-01-11 19:26:18.015144
339,Gabriel,,422,No,2021-01-11 19:26:26.352741
340,Gabriel,,244,No,2021-01-11 19:26:30.332659
341,Gabriel,,542,No,2021-01-11 19:26:38.391941
342,Gabriel,,89,Yes,2021-01-11 19:26:42.883666
343,Gabriel,,665,No,2021-01-11 19:26:45.695495
344,Gabriel,,534,No,2021-01-11 19:26:49.103961
345,Gabriel,,672,No,2021-01-11 19:26:57.952422
346,Gabriel,,365,No,2021-01-11 19:27:02.649994
347,Gabriel,,189,No,2021-01-11 19:27:08.403208
348,Gabriel,,656,No,2021-01-11 19:27:11.639697
349,Gabriel,,67,Maybe,2021-01-11 19:27:19.357248
350,Gabriel,,671,No,2021-01-11 19:27:23.395298
351,Gabriel,,169,No,2021-01-11 19:27:27.787179
352,Gabriel,,58,Maybe,2021-01-11 19:27:34.589706
353,Gabriel,,167,No,2021-01-11 19:27:38.578637
354,Gabriel,,227,No,2021-01-11 19:27:41.907387
355,Gabriel,,372,No,2021-01-11 19:27:47.711002
356,Gabriel,,123,No,2021-01-11 19:27:54.835076
357,Gabriel,,367,No,2021-01-11 19:27:59.127106
358,Gabriel,,42,Maybe,2021-01-11 19:28:03.635485
359,Gabriel,,368,No,2021-01-11 19:28:10.59707
360,Gabriel,,586,Maybe,2021-01-11 19:28:13.967063
361,Gabriel,,658,Yes,2021-01-11 19:28:18.372126
362,Gabriel,,629,No,2021-01-11 19:28:23.508129
363,Gabriel,,514,Yes,2021-01-11 19:28:26.823741
364,Gabriel,,457,No,2021-01-11 19:28:29.244813
365,Gabriel,,711,Maybe,2021-01-11 19:28:33.25634
366,Gabriel,,512,No,2021-01-11 19:28:36.603353
367,Gabriel,,33,No,2021-01-11 19:28:41.211126
368,Gabriel,,78,No,2021-01-11 19:28:44.969461
369,Gabriel,,186,No,2021-01-11 19:30:24.863016
370,Gabriel,,97,Yes,2021-01-11 19:30:28.724824
371,Gabriel,,654,No,2021-01-11 19:30:32.669209
372,Gabriel,,35,No,2021-01-11 19:30:37.127192
373,Gabriel,,432,No,2021-01-11 19:30:41.259177
374,Gabriel,,134,Maybe,2021-01-11 19:30:47.620572
375,Gabriel,,553,No,2021-01-11 19:30:51.465728
376,Gabriel,,303,Maybe,2021-01-11 19:30:58.811075
377,Gabriel,,674,Maybe,2021-01-11 19:31:03.46094
378,Gabriel,,267,Yes,2021-01-11 19:31:07.199462
379,Gabriel,,468,Maybe,2021-01-11 19:31:11.130081
380,Gabriel,,550,No,2021-01-11 19:31:22.560295
381,Gabriel,,383,No,2021-01-11 19:31:25.224382
382,Gabriel,,418,Maybe,2021-01-11 19:31:40.493513
383,Gabriel,,535,No,2021-01-11 19:32:02.88259
384,Gabriel,,545,No,2021-01-11 19:32:06.474484
385,Gabriel,,57,Maybe,2021-01-11 19:32:16.699575
386,Gabriel,,68,No,2021-01-11 19:32:19.981544
387,Gabriel,,95,No,2021-01-11 19:32:32.333036
388,Gabriel,,640,Maybe,2021-01-11 19:32:39.267592
389,Gabriel,,536,Maybe,2021-01-11 19:32:46.037153
390,Gabriel,,434,Yes,2021-01-11 19:32:52.088209
391,Gabriel,,59,No,2021-01-11 19:32:56.040108
392,Gabriel,,37,No,2021-01-11 19:32:59.935196
393,Gabriel,,718,No,2021-01-11 19:33:12.485177
394,Gabriel,,537,No,2021-01-11 19:33:19.377719
395,Gabriel,,641,Maybe,2021-01-11 19:33:23.169319
396,Gabriel,,160,No,2021-01-11 19:33:26.987392
397,Gabriel,,342,No,2021-01-11 19:33:30.093987
398,Gabriel,,107,No,2021-01-11 19:33:40.024764
399,Gabriel,,38,No,2021-01-11 19:33:43.543136
400,Gabriel,,304,Maybe,2021-01-11 19:33:47.150707
401,Gabriel,,357,No,2021-01-11 19:33:50.011641
402,Gabriel,,101,No,2021-01-11 19:33:53.681274
403,Gabriel,,630,No,2021-01-11 19:33:58.070223
404,Gabriel,,479,No,2021-01-11 19:34:01.851333
405,Gabriel,,647,No,2021-01-11 19:34:04.994538
406,Gabriel,,458,No,2021-01-11 19:34:08.691327
407,Gabriel,,233,No,2021-01-11 19:34:13.400257
408,Gabriel,,154,No,2021-01-11 19:34:17.035395
409,Gabriel,,600,No,2021-01-11 19:34:21.434918
410,Gabriel,,417,Yes,2021-01-11 19:34:26.111862
411,Gabriel,,292,No,2021-01-11 19:34:29.454805
412,Gabriel,,45,Maybe,2021-01-11 19:34:34.719965
413,Gabriel,,619,No,2021-01-11 19:34:38.466902
414,Gabriel,,449,No,2021-01-11 19:34:56.667053
415,Gabriel,,369,No,2021-01-11 19:34:59.468909
416,Gabriel,,685,Maybe,2021-01-11 19:35:07.270381
417,Gabriel,,39,No,2021-01-11 19:35:09.799679
418,Gabriel,,335,No,2021-01-11 19:35:13.377957
419,Gabriel,,574,No,2021-01-11 19:35:16.339375
420,Gabriel,,61,No,2021-01-11 19:35:20.040192
421,Gabriel,,331,No,2021-01-11 19:35:23.072417
422,Gabriel,,141,No,2021-01-11 19:35:25.923473
423,Gabriel,,375,Maybe,2021-01-11 19:35:31.287635
424,Gabriel,,601,No,2021-01-11 19:35:34.709154
425,Gabriel,,480,No,2021-01-11 19:35:39.331785
426,Gabriel,,282,No,2021-01-11 19:35:42.226785
427,Gabriel,,228,No,2021-01-11 19:35:46.867138
428,Gabriel,,624,No,2021-01-11 19:35:49.858774
429,Gabriel,,470,No,2021-01-11 19:35:54.280086
430,Gabriel,,518,No,2021-01-11 19:35:59.003202
431,Gabriel,,481,Maybe,2021-01-11 19:36:02.283672
432,Gabriel,,420,No,2021-01-11 19:36:05.290399
433,Gabriel,,376,No,2021-01-11 19:36:10.8089
434,Gabriel,,727,No,2021-01-11 19:36:13.5483
435,Gabriel,,675,No,2021-01-11 19:36:16.751503
436,Gabriel,,510,No,2021-01-11 19:36:21.433019
437,Gabriel,,543,Maybe,2021-01-11 19:36:25.778311
438,Gabriel,,452,No,2021-01-11 19:36:29.01454
439,Gabriel,,341,No,2021-01-11 19:36:32.832498
440,Gabriel,,41,Yes,2021-01-11 19:36:37.46353
441,Gabriel,,49,No,2021-01-11 19:36:40.889856
442,Gabriel,,660,No,2021-01-11 19:36:43.788183
443,Gabriel,,192,Yes,2021-01-11 19:36:46.939326
444,Gabriel,,204,No,2021-01-11 19:36:50.578698
445,Gabriel,,155,Maybe,2021-01-11 19:36:54.460717
446,Gabriel,,725,No,2021-01-11 19:36:57.986313
447,Gabriel,,648,No,2021-01-11 19:56:40.97848
448,Gabriel,,46,No,2021-01-11 19:56:45.117058
449,Gabriel,,691,Maybe,2021-01-11 19:56:51.788037
450,Gabriel,,229,Yes,2021-01-11 20:49:13.74004
451,Gabriel,,627,No,2021-01-11 20:49:19.847576
452,Gabriel,,471,No,2021-01-11 20:49:23.853028
453,Gabriel,,643,No,2021-01-11 20:49:28.441667
454,Gabriel,,777,Yes,2021-01-11 20:49:33.399596
455,Gabriel,,603,Yes,2021-01-11 20:49:37.483083
456,Gabriel,,195,Yes,2021-01-11 20:49:42.024168
457,Gabriel,,804,Yes,2021-01-11 20:49:46.148201
458,Gabriel,,735,No,2021-01-11 21:01:11.514152
459,Gabriel,,450,No,2021-01-11 21:02:11.982815
460,Gabriel,,472,Yes,2021-01-11 21:02:17.932674
461,Gabriel,,329,No,2021-01-11 21:02:21.204699
462,Gabriel,,664,No,2021-01-11 21:02:26.793235
463,Gabriel,,816,No,2021-01-11 21:02:33.560199
464,Gabriel,,649,No,2021-01-11 21:02:42.503842
465,Gabriel,,275,No,2021-01-11 21:02:49.711031
466,Gabriel,,291,No,2021-01-11 21:03:59.287537
467,Gabriel,,502,No,2021-01-11 21:04:05.56128
468,Gabriel,,378,Yes,2021-01-11 21:04:14.737508
469,Gabriel,,230,No,2021-01-11 21:04:28.981486
470,Gabriel,,47,No,2021-01-11 21:04:40.801248
471,Gabriel,,281,No,2021-01-11 21:04:52.887258
472,Gabriel,,815,No,2021-01-11 21:06:00.866712
473,Gabriel,,135,Maybe,2021-01-11 21:06:09.411995
474,Gabriel,,268,No,2021-01-11 21:06:18.362295
475,Gabriel,,426,No,2021-01-11 21:06:22.54781
476,Gabriel,,62,No,2021-01-11 21:06:37.911786
477,Gabriel,,145,No,2021-01-11 21:06:40.861384
478,Gabriel,,232,No,2021-01-11 21:06:50.65974
479,Gabriel,,807,Maybe,2021-01-11 21:06:57.483408
480,Gabriel,,75,Maybe,2021-01-11 21:07:12.341426
481,Gabriel,,459,No,2021-01-11 21:07:26.979834
482,Gabriel,,474,No,2021-01-11 21:07:31.349485
483,Gabriel,,370,No,2021-01-11 21:07:37.754834
484,Gabriel,,51,No,2021-01-11 21:07:48.501822
485,Gabriel,,146,No,2021-01-11 21:07:55.861398
486,Gabriel,,148,Maybe,2021-01-11 21:38:04.278803
487,Gabriel,,784,No,2021-01-11 21:38:09.444232
488,Gabriel,,283,No,2021-01-11 21:38:16.334985
489,Gabriel,,609,No,2021-01-11 21:38:20.787721
490,Gabriel,,333,No,2021-01-11 21:38:31.429558
491,Gabriel,,741,No,2021-01-11 21:38:41.062188
492,Gabriel,,52,No,2021-01-11 21:38:49.231714
493,Gabriel,,680,Yes,2021-01-11 21:38:53.216827
494,Gabriel,,772,No,2021-01-11 21:38:59.482894
495,Gabriel,,269,No,2021-01-11 21:39:04.397701
496,Gabriel,,234,No,2021-01-11 21:39:07.584811
497,Gabriel,,483,No,2021-01-11 21:39:15.207842
498,Gabriel,,381,No,2021-01-11 21:39:19.112991
499,Gabriel,,676,No,2021-01-11 21:39:22.83868
500,Gabriel,,218,No,2021-01-11 21:39:37.303488
501,Gabriel,,770,No,2021-01-11 21:39:41.657646
502,Gabriel,,231,No,2021-01-11 21:39:45.051638
503,Gabriel,,161,No,2021-01-11 21:39:50.137725
504,Gabriel,,69,No,2021-01-11 21:39:59.44056
506,Gabriel,,212,No,2021-01-11 22:02:27.217818
508,Gabriel,,400,Yes,2021-01-11 22:02:38.418179
509,Gabriel,,405,Maybe,2021-01-11 22:02:42.560158
510,Gabriel,,349,No,2021-01-11 22:02:48.1863
511,Gabriel,,524,No,2021-01-11 22:02:57.467659
512,Gabriel,,112,No,2021-01-11 22:03:46.526832
514,Gabriel,,196,Maybe,2021-01-11 22:04:00.043684
517,Gabriel,,538,No,2021-01-11 22:04:38.21838
519,Gabriel,,431,No,2021-01-11 22:04:47.485668
520,Gabriel,,644,No,2021-01-11 22:04:51.344459
523,Gabriel,,797,No,2021-01-11 22:05:13.530193
524,Gabriel,,563,No,2021-01-11 22:05:17.640632
525,Gabriel,,222,No,2021-01-11 22:05:21.572406
526,Gabriel,,140,No,2021-01-11 22:05:25.553189
527,Gabriel,,758,No,2021-01-11 22:05:29.280011
529,Gabriel,,539,No,2021-01-11 22:05:39.887556
536,Gabriel,,187,Maybe,2021-01-11 22:07:23.178399
537,Gabriel,,272,No,2021-01-11 22:07:27.333978
538,Gabriel,,683,No,2021-01-11 22:07:31.2467
539,Gabriel,,105,No,2021-01-11 22:07:34.80892
540,Gabriel,,294,No,2021-01-11 22:07:38.335792
541,Gabriel,,682,No,2021-01-11 22:07:42.291785
505,Gabriel,,511,No,2021-01-11 22:01:05.201541
507,Gabriel,,217,No,2021-01-11 22:02:32.830684
513,Gabriel,,516,No,2021-01-11 22:03:52.626356
515,Gabriel,,256,No,2021-01-11 22:04:08.583112
516,Gabriel,,249,No,2021-01-11 22:04:30.704323
518,Gabriel,,257,No,2021-01-11 22:04:42.808945
521,Gabriel,,681,No,2021-01-11 22:04:59.772149
522,Gabriel,,235,No,2021-01-11 22:05:07.198557
528,Gabriel,,63,No,2021-01-11 22:05:35.431748
530,Gabriel,,70,No,2021-01-11 22:06:09.220351
531,Gabriel,,617,No,2021-01-11 22:06:12.947504
532,Gabriel,,82,No,2021-01-11 22:06:48.63587
533,Gabriel,,270,Maybe,2021-01-11 22:06:56.205054
534,Gabriel,,792,No,2021-01-11 22:07:04.540321
535,Gabriel,,240,No,2021-01-11 22:07:17.106095
542,Gabriel,,490,No,2021-01-11 22:36:36.637758
543,Gabriel,,612,No,2021-01-11 22:41:18.661501
544,Gabriel,,384,No,2021-01-11 22:41:22.5393
545,Gabriel,,188,Maybe,2021-01-11 22:41:59.859762
546,Gabriel,,53,No,2021-01-11 22:42:04.14035
547,Gabriel,,642,No,2021-01-11 22:42:07.95962
548,Gabriel,,104,No,2021-01-11 22:42:12.537907
549,Gabriel,,213,No,2021-01-11 22:42:18.392224
550,Gabriel,,669,No,2021-01-11 22:42:21.928392
551,Gabriel,,412,No,2021-01-11 22:42:26.098226
552,Gabriel,,205,No,2021-01-11 22:42:30.131194
553,Gabriel,,350,No,2021-01-11 22:42:33.68419
554,Gabriel,,666,No,2021-01-11 22:42:46.550218
555,Gabriel,,645,No,2021-01-11 22:42:49.987225
556,Gabriel,,245,No,2021-01-11 22:42:57.463227
557,Gabriel,,689,No,2021-01-11 22:43:01.410704
558,Gabriel,,620,No,2021-01-11 22:43:04.651959
559,Gabriel,,503,No,2021-01-11 22:43:07.864566
560,Gabriel,,54,No,2021-01-11 22:44:21.043829
561,Gabriel,,464,No,2021-01-11 22:44:58.163092
562,Gabriel,,64,No,2021-01-11 23:10:44.755919
563,Gabriel,,65,No,2021-01-11 23:10:55.014995
564,Gabriel,,66,No,2021-01-11 23:11:01.419458
565,Gabriel,,817,No,2021-01-11 23:11:08.301635
566,Gabriel,,354,No,2021-01-11 23:11:11.542464
567,Gabriel,,433,No,2021-01-11 23:11:15.350707
568,Gabriel,,504,No,2021-01-11 23:11:19.703728
569,Gabriel,,284,No,2021-01-11 23:11:24.970803
570,Gabriel,,162,No,2021-01-11 23:11:29.923688
571,Gabriel,,206,No,2021-01-11 23:11:34.201726
572,Gabriel,,579,No,2021-01-11 23:11:40.248254
573,Gabriel,,190,No,2021-01-11 23:11:44.075136
574,Gabriel,,430,Yes,2021-01-11 23:15:44.724819
575,Gabriel,,566,No,2021-01-11 23:18:34.483757
576,Gabriel,,610,No,2021-01-11 23:18:39.502374
577,Gabriel,,207,No,2021-01-11 23:18:45.154059
578,Gabriel,,631,No,2021-01-11 23:18:50.056079
579,Gabriel,,327,No,2021-01-11 23:18:54.340099
580,Gabriel,,753,No,2021-01-11 23:19:04.03118
581,Gabriel,,686,Yes,2021-01-11 23:19:12.228815
582,Gabriel,,687,No,2021-01-11 23:19:16.930983
583,Gabriel,,71,No,2021-01-11 23:19:21.373415
584,Gabriel,,808,No,2021-01-11 23:19:26.53357
585,Gabriel,,163,No,2021-01-11 23:19:33.613542
586,Gabriel,,74,No,2021-01-11 23:19:42.126351
587,Gabriel,,460,No,2021-01-11 23:19:47.50938
588,Gabriel,,785,Maybe,2021-01-11 23:19:52.221943
589,Gabriel,,540,No,2021-01-11 23:19:55.705497
590,Gabriel,,76,No,2021-01-11 23:20:03.779324
591,Gabriel,,667,No,2021-01-11 23:20:43.498792
592,Gabriel,,208,Yes,2021-01-11 23:20:50.321901
593,Gabriel,,790,Maybe,2021-01-11 23:20:56.762067
594,Gabriel,,492,Maybe,2021-01-11 23:21:02.142322
595,Gabriel,,651,No,2021-01-11 23:21:06.467554
596,Gabriel,,389,No,2021-01-11 23:21:10.091529
597,Gabriel,,209,No,2021-01-11 23:21:14.28384
598,Gabriel,,131,No,2021-01-11 23:21:17.671654
599,Gabriel,,337,No,2021-01-11 23:21:24.952267
600,Gabriel,,77,No,2021-01-11 23:21:28.492343
601,Gabriel,,147,Maybe,2021-01-11 23:21:32.558474
602,Gabriel,,732,No,2021-01-11 23:21:35.346174
603,Gabriel,,126,No,2021-01-11 23:21:38.840459
604,Gabriel,,688,No,2021-01-11 23:21:42.996358
605,Gabriel,,340,No,2021-01-11 23:28:14.300425
606,Gabriel,,513,No,2021-01-11 23:28:19.333056
607,Gabriel,,697,No,2021-01-11 23:28:50.259311
608,Gabriel,,338,No,2021-01-11 23:28:57.087586
609,Gabriel,,144,No,2021-01-11 23:31:16.469036
610,Gabriel,,823,No,2021-01-11 23:31:20.104221
611,Gabriel,,769,No,2021-01-11 23:31:24.639928
612,Gabriel,,662,No,2021-01-11 23:31:30.032713
613,Gabriel,,170,Maybe,2021-01-11 23:31:41.176362
614,Gabriel,,238,No,2021-01-11 23:33:23.844368
615,Gabriel,,515,No,2021-01-11 23:41:13.079875
616,Gabriel,,588,No,2021-01-11 23:41:20.349535
617,Gabriel,,793,No,2021-01-11 23:41:25.148442
618,Gabriel,,562,No,2021-01-11 23:41:29.322806
619,Gabriel,,810,No,2021-01-11 23:41:35.559389
620,Gabriel,,106,No,2021-01-11 23:41:39.36401
621,Gabriel,,602,No,2021-01-11 23:41:45.833693
622,Gabriel,,250,No,2021-01-11 23:41:49.859441
623,Gabriel,,251,No,2021-01-11 23:41:53.330778
624,Gabriel,,728,No,2021-01-11 23:41:57.431649
625,Gabriel,,98,Yes,2021-01-11 23:42:02.348605
626,Gabriel,,80,No,2021-01-11 23:42:11.477864
627,Gabriel,,742,No,2021-01-11 23:42:15.736346
628,Gabriel,,215,No,2021-01-11 23:42:19.453185
629,Gabriel,,298,No,2021-01-11 23:42:22.626466
630,Gabriel,,754,No,2021-01-11 23:42:25.460983
631,Gabriel,,81,No,2021-01-11 23:42:31.668941
632,Gabriel,,371,No,2021-01-11 23:42:36.483265
633,Gabriel,,382,No,2021-01-11 23:42:39.46416
634,Gabriel,,142,No,2021-01-11 23:42:43.246383
635,Gabriel,,443,No,2021-01-11 23:42:46.273293
636,Gabriel,,216,No,2021-01-11 23:42:49.308017
637,Gabriel,,127,No,2021-01-11 23:42:53.556289
638,Gabriel,,262,No,2021-01-11 23:42:59.660493
639,Gabriel,,740,No,2021-01-11 23:43:03.43437
640,Gabriel,,219,No,2021-01-11 23:43:07.484354
641,Gabriel,,343,No,2021-01-11 23:43:15.640157
642,Gabriel,,393,No,2021-01-11 23:43:21.80189
643,Gabriel,,137,No,2021-01-11 23:43:25.133637
644,Gabriel,,88,No,2021-01-11 23:43:28.797395
645,Gabriel,,621,No,2021-01-11 23:43:31.563606
646,Gabriel,,171,No,2021-01-11 23:43:34.703335
647,Gabriel,,708,No,2021-01-11 23:43:37.768085
648,Gabriel,,759,No,2021-01-11 23:43:41.123608
649,Gabriel,,508,No,2021-01-11 23:43:44.256454
650,Gabriel,,650,No,2021-01-11 23:43:46.843953
651,Gabriel,,818,No,2021-01-11 23:43:49.909249
652,Gabriel,,522,No,2021-01-11 23:43:53.46571
653,Gabriel,,703,No,2021-01-11 23:43:56.77782
654,Gabriel,,520,No,2021-01-11 23:43:59.749683
655,Gabriel,,149,No,2021-01-11 23:44:02.524764
656,Gabriel,,475,No,2021-01-11 23:44:08.412229
657,Gabriel,,285,No,2021-01-11 23:44:11.75186
658,Gabriel,,677,No,2021-01-11 23:44:14.764175
659,Gabriel,,252,No,2021-01-11 23:44:17.523435
660,Gabriel,,385,Maybe,2021-01-11 23:44:24.05294
661,Gabriel,,299,Maybe,2021-01-11 23:44:28.938985
662,Gabriel,,236,No,2021-01-11 23:44:32.858419
663,Gabriel,,525,No,2021-01-11 23:44:35.8203
665,Gabriel,,444,No,2021-01-11 23:44:46.309097
668,Gabriel,,445,No,2021-01-11 23:45:02.720969
670,Gabriel,,646,No,2021-01-11 23:45:15.436964
671,Gabriel,,716,No,2021-01-11 23:45:31.276412
674,Gabriel,,729,No,2021-01-11 23:45:47.209979
675,Gabriel,,237,No,2021-01-11 23:45:57.822467
676,Gabriel,,254,No,2021-01-11 23:46:05.848039
678,Gabriel,,453,No,2021-01-11 23:46:15.00319
679,Gabriel,,730,No,2021-01-11 23:46:20.720223
681,Gabriel,,111,No,2021-01-11 23:46:28.996536
684,Gabriel,,386,No,2021-01-11 23:46:41.252578
686,Gabriel,,260,No,2021-01-11 23:46:59.023631
687,Gabriel,,544,No,2021-01-11 23:47:02.586381
688,Gabriel,,352,No,2021-01-11 23:47:07.426495
689,Gabriel,,90,No,2021-01-11 23:47:11.05536
691,Gabriel,,678,No,2021-01-11 23:47:24.223333
692,Gabriel,,353,No,2021-01-11 23:47:27.654171
693,Gabriel,,717,No,2021-01-11 23:47:31.00653
694,Gabriel,,764,No,2021-01-11 23:47:34.836266
695,Gabriel,,819,No,2021-01-11 23:47:37.717854
696,Gabriel,,261,No,2021-01-11 23:47:44.334491
697,Gabriel,,736,No,2021-01-11 23:47:48.756454
701,Gabriel,,290,No,2021-01-11 23:55:53.995329
704,Gabriel,,263,No,2021-01-12 00:05:47.65775
705,Gabriel,,599,No,2021-01-12 00:11:55.957577
706,Gabriel,,498,No,2021-01-12 00:12:03.168177
713,Gabriel,,454,No,2021-01-12 00:13:18.325053
714,Gabriel,,391,No,2021-01-12 00:13:23.172336
717,Gabriel,,690,No,2021-01-12 00:13:35.729302
718,Gabriel,,91,No,2021-01-12 00:13:39.226849
719,Gabriel,,355,No,2021-01-12 00:21:18.965279
721,Gabriel,,737,Maybe,2021-01-12 00:21:32.99664
722,Gabriel,,782,No,2021-01-12 00:21:37.346115
723,Gabriel,,622,No,2021-01-12 00:21:40.596262
724,Gabriel,,93,No,2021-01-12 00:21:45.717131
726,Gabriel,,360,No,2021-01-12 00:22:04.668637
727,Gabriel,,395,No,2021-01-12 00:22:09.763767
730,Gabriel,,396,No,2021-01-12 00:22:20.619851
733,Gabriel,,779,No,2021-01-12 00:22:43.078401
734,Gabriel,,398,No,2021-01-12 00:22:54.115834
735,Gabriel,,110,No,2021-01-12 00:23:06.130736
736,Gabriel,,404,No,2021-01-12 00:23:11.119502
737,Gabriel,,485,Yes,2021-01-12 00:23:15.991059
740,Gabriel,,709,No,2021-01-12 00:23:25.546965
742,Gabriel,,611,Yes,2021-01-12 00:23:53.944963
744,Gabriel,,409,No,2021-01-12 00:24:02.389249
745,Gabriel,,113,No,2021-01-12 00:24:09.60167
746,Gabriel,,482,No,2021-01-12 00:24:13.0853
747,Gabriel,,493,No,2021-01-12 00:24:16.132642
748,Gabriel,,596,Yes,2021-01-12 00:24:22.624497
749,Gabriel,,486,No,2021-01-12 00:24:26.58795
752,Gabriel,,652,No,2021-01-12 00:24:40.555426
753,Gabriel,,527,No,2021-01-12 00:24:43.262116
755,Gabriel,,811,No,2021-01-12 00:24:49.585151
757,Gabriel,,814,No,2021-01-12 00:24:58.496274
759,Gabriel,,546,Yes,2021-01-12 00:25:08.437813
762,Gabriel,,491,No,2021-01-12 00:25:19.037221
763,Gabriel,,657,No,2021-01-12 00:25:25.383421
664,Gabriel,,593,No,2021-01-11 23:44:38.694652
666,Gabriel,,694,No,2021-01-11 23:44:52.905595
667,Gabriel,,668,No,2021-01-11 23:44:56.226258
669,Gabriel,,345,No,2021-01-11 23:45:11.725183
672,Gabriel,,253,No,2021-01-11 23:45:37.745866
673,Gabriel,,293,No,2021-01-11 23:45:41.974814
677,Gabriel,,300,No,2021-01-11 23:46:11.559892
680,Gabriel,,164,No,2021-01-11 23:46:24.097459
682,Gabriel,,259,No,2021-01-11 23:46:33.100442
683,Gabriel,,351,No,2021-01-11 23:46:35.896634
685,Gabriel,,286,No,2021-01-11 23:46:55.43211
690,Gabriel,,628,No,2021-01-11 23:47:20.188046
698,Gabriel,,798,No,2021-01-11 23:47:55.259166
699,Gabriel,,572,No,2021-01-11 23:48:01.928306
700,Gabriel,,165,No,2021-01-11 23:48:09.919045
702,Gabriel,,763,No,2021-01-11 23:55:59.699038
703,Gabriel,,663,No,2021-01-12 00:05:42.828068
707,Gabriel,,696,No,2021-01-12 00:12:08.79635
708,Gabriel,,526,No,2021-01-12 00:12:12.987234
709,Gabriel,,679,No,2021-01-12 00:12:16.417527
710,Gabriel,,108,No,2021-01-12 00:13:05.431783
711,Gabriel,,152,No,2021-01-12 00:13:10.216287
712,Gabriel,,632,Yes,2021-01-12 00:13:14.552456
715,Gabriel,,296,No,2021-01-12 00:13:27.22104
716,Gabriel,,692,Yes,2021-01-12 00:13:31.768013
720,Gabriel,,92,No,2021-01-12 00:21:25.191604
725,Gabriel,,356,No,2021-01-12 00:21:56.700303
728,Gabriel,,778,Maybe,2021-01-12 00:22:13.977679
729,Gabriel,,96,No,2021-01-12 00:22:16.832542
731,Gabriel,,397,No,2021-01-12 00:22:23.987652
732,Gabriel,,401,No,2021-01-12 00:22:27.557405
738,Gabriel,,407,No,2021-01-12 00:23:19.804223
739,Gabriel,,564,No,2021-01-12 00:23:22.910518
741,Gabriel,,408,No,2021-01-12 00:23:34.640323
743,Gabriel,,476,No,2021-01-12 00:23:57.794374
750,Gabriel,,114,No,2021-01-12 00:24:30.544691
751,Gabriel,,411,Yes,2021-01-12 00:24:36.036724
754,Gabriel,,487,No,2021-01-12 00:24:46.629858
756,Gabriel,,623,No,2021-01-12 00:24:53.486025
758,Gabriel,,488,No,2021-01-12 00:25:03.032248
760,Gabriel,,693,No,2021-01-12 00:25:11.783709
761,Gabriel,,489,No,2021-01-12 00:25:15.393465
764,Gabriel,,695,Maybe,2021-01-12 00:25:30.6054
765,Gabriel,,789,No,2021-01-12 00:25:33.736454
766,Gabriel,,494,Maybe,2021-01-12 00:25:38.482461
767,Gabriel,,115,No,2021-01-12 00:25:43.493601
768,Gabriel,,653,No,2021-01-12 00:25:47.231636
769,Gabriel,,743,Maybe,2021-01-12 00:25:51.029659
770,Gabriel,,820,No,2021-01-12 00:25:54.204145
771,Gabriel,,594,Yes,2021-01-12 00:25:59.343774
772,Gabriel,,720,No,2021-01-12 00:26:04.222476
773,Gabriel,,495,No,2021-01-12 00:26:08.574308
774,Gabriel,,547,No,2021-01-12 00:26:11.204079
775,Gabriel,,698,No,2021-01-12 00:26:14.247212
776,Gabriel,,499,No,2021-01-12 00:26:23.26755
777,Gabriel,,500,No,2021-01-12 00:26:27.192532
778,Gabriel,,501,No,2021-01-12 00:26:30.07335
779,Gabriel,,506,No,2021-01-12 00:26:33.251732
780,Gabriel,,128,No,2021-01-12 00:26:36.440286
781,Gabriel,,132,No,2021-01-12 00:26:45.146426
782,Gabriel,,710,No,2021-01-12 00:26:49.232613
783,Gabriel,,133,No,2021-01-12 00:26:53.059091
784,Gabriel,,548,Yes,2021-01-12 00:27:00.013841
785,Gabriel,,552,No,2021-01-12 00:27:03.768493
786,Gabriel,,561,No,2021-01-12 00:27:10.704832
787,Gabriel,,699,No,2021-01-12 00:27:17.033339
788,Gabriel,,567,No,2021-01-12 00:27:20.571209
789,Gabriel,,569,No,2021-01-12 00:27:24.088673
790,Gabriel,,712,No,2021-01-12 00:27:27.399013
791,Gabriel,,570,No,2021-01-12 00:27:31.032576
792,Gabriel,,765,No,2021-01-12 00:27:34.06493
793,Gabriel,,578,No,2021-01-12 00:27:38.333883
794,Gabriel,,571,Maybe,2021-01-12 00:27:42.6934
795,Gabriel,,791,No,2021-01-12 00:27:45.703765
796,Gabriel,,575,No,2021-01-12 00:27:49.894477
797,Gabriel,,794,No,2021-01-12 00:27:53.696764
798,Gabriel,,771,No,2021-01-12 00:27:58.670553
799,Gabriel,,606,Yes,2021-01-12 00:28:03.283529
800,Gabriel,,136,No,2021-01-12 00:28:07.068793
801,Gabriel,,618,No,2021-01-12 00:28:11.264942
802,Gabriel,,713,No,2021-01-12 00:28:14.88134
803,Gabriel,,573,No,2021-01-12 00:28:19.121114
804,Gabriel,,577,No,2021-01-12 00:28:27.862222
805,Gabriel,,139,Maybe,2021-01-12 00:28:32.051767
806,Gabriel,,150,No,2021-01-12 00:28:36.360818
807,Gabriel,,597,No,2021-01-12 00:28:39.76417
808,Gabriel,,580,No,2021-01-12 00:28:42.698692
809,Gabriel,,151,No,2021-01-12 00:28:45.686463
810,Gabriel,,591,No,2021-01-12 00:28:52.012533
811,Gabriel,,581,No,2021-01-12 00:28:55.308841
812,Gabriel,,721,No,2021-01-12 00:29:00.777209
813,Gabriel,,583,No,2021-01-12 00:29:04.260494
814,Gabriel,,584,No,2021-01-12 00:29:07.494401
815,Gabriel,,585,No,2021-01-12 00:29:10.85261
816,Gabriel,,589,No,2021-01-12 00:29:13.939945
817,Gabriel,,166,No,2021-01-12 00:29:17.635735
818,Gabriel,,773,Maybe,2021-01-12 00:29:22.36084
819,Gabriel,,590,No,2021-01-12 00:29:26.212447
820,Gabriel,,592,No,2021-01-12 00:29:29.384477
821,Gabriel,,598,No,2021-01-12 00:29:32.119713
822,Gabriel,,604,Maybe,2021-01-12 00:29:53.087459
823,Gabriel,,700,No,2021-01-12 00:29:59.297633
824,Gabriel,,739,No,2021-01-12 00:30:02.180794
825,Gabriel,,605,Maybe,2021-01-12 00:30:05.644807
826,Gabriel,,607,No,2021-01-12 00:30:09.909936
827,Gabriel,,701,No,2021-01-12 00:30:12.706949
828,Gabriel,,613,No,2021-01-12 00:30:16.162176
829,Gabriel,,608,No,2021-01-12 00:30:19.583587
830,Gabriel,,614,No,2021-01-12 00:30:27.293599
831,Gabriel,,615,No,2021-01-12 00:30:32.680236
832,Gabriel,,625,No,2021-01-12 00:30:36.754414
833,Gabriel,,626,Maybe,2021-01-12 00:30:41.003129
834,Gabriel,,633,No,2021-01-12 00:30:44.139231
835,Gabriel,,635,No,2021-01-12 00:30:48.376133
836,Gabriel,,702,No,2021-01-12 00:30:52.43461
837,Gabriel,,636,No,2021-01-12 00:30:57.712348
838,Gabriel,,704,No,2021-01-12 00:31:01.390199
839,Gabriel,,706,No,2021-01-12 00:31:05.933673
840,Gabriel,,707,Maybe,2021-01-12 00:31:14.279813
841,Gabriel,,714,No,2021-01-12 00:31:17.961816
842,Gabriel,,723,No,2021-01-12 00:31:21.558471
843,Gabriel,,724,No,2021-01-12 00:31:25.157969
844,Gabriel,,731,Maybe,2021-01-12 00:31:30.380996
845,Gabriel,,733,No,2021-01-12 00:31:34.833487
846,Gabriel,,734,No,2021-01-12 00:31:38.971575
847,Gabriel,,744,Maybe,2021-01-12 00:31:44.104058
848,Gabriel,,745,Maybe,2021-01-12 00:31:49.506693
849,Gabriel,,746,No,2021-01-12 00:31:54.624035
850,Gabriel,,747,No,2021-01-12 00:32:03.859895
851,Gabriel,,748,No,2021-01-12 00:32:15.799862
852,Gabriel,,749,No,2021-01-12 00:32:19.361288
853,Gabriel,,751,Maybe,2021-01-12 00:32:25.431994
854,Gabriel,,755,No,2021-01-12 00:32:30.949071
855,Gabriel,,756,No,2021-01-12 00:32:37.097382
856,Gabriel,,757,No,2021-01-12 00:32:43.158902
857,Gabriel,,760,No,2021-01-12 00:32:48.007211
858,Gabriel,,761,No,2021-01-12 00:32:52.497302
860,Gabriel,,767,No,2021-01-12 00:33:01.232829
861,Gabriel,,768,No,2021-01-12 00:33:13.244451
862,Gabriel,,774,No,2021-01-12 00:33:33.918183
863,Gabriel,,775,No,2021-01-12 00:33:38.334558
864,Gabriel,,776,No,2021-01-12 00:33:48.079619
865,Gabriel,,780,Maybe,2021-01-12 00:34:01.049802
866,Gabriel,,781,No,2021-01-12 00:34:04.519291
870,Gabriel,,788,No,2021-01-12 00:34:23.397634
874,Gabriel,,800,No,2021-01-12 00:34:45.470982
875,Gabriel,,801,No,2021-01-12 00:35:07.989533
877,Gabriel,,803,No,2021-01-12 00:35:16.169922
879,Gabriel,,806,No,2021-01-12 00:35:22.937015
886,Gabriel,,825,No,2021-01-12 00:36:12.559353
887,Gabriel,,826,No,2021-01-12 00:36:16.075798
889,Gabriel,,828,No,2021-01-12 00:36:24.143853
859,Gabriel,,766,No,2021-01-12 00:32:56.870576
867,Gabriel,,783,No,2021-01-12 00:34:12.982162
868,Gabriel,,786,No,2021-01-12 00:34:16.345038
869,Gabriel,,787,No,2021-01-12 00:34:19.732947
871,Gabriel,,795,No,2021-01-12 00:34:26.79686
872,Gabriel,,796,No,2021-01-12 00:34:30.279564
873,Gabriel,,799,No,2021-01-12 00:34:40.004358
876,Gabriel,,802,Maybe,2021-01-12 00:35:13.213124
878,Gabriel,,805,No,2021-01-12 00:35:19.043911
880,Gabriel,,821,No,2021-01-12 00:35:27.88553
881,Gabriel,,809,No,2021-01-12 00:35:32.763625
882,Gabriel,,812,No,2021-01-12 00:35:37.958547
883,Gabriel,,813,No,2021-01-12 00:35:51.158753
884,Gabriel,,822,Maybe,2021-01-12 00:35:55.655252
885,Gabriel,,824,Maybe,2021-01-12 00:36:02.285605
888,Gabriel,,827,Maybe,2021-01-12 00:36:20.826978
890,mario,,670,No,2021-01-12 05:23:16.730254
891,mario,,422,Maybe,2021-01-12 05:23:25.819621
892,mario,,354,Yes,2021-01-12 05:23:30.884321
893,mario,,804,No,2021-01-12 05:24:07.384594
894,mario,,794,No,2021-01-12 05:24:13.927871
895,mario,,500,Yes,2021-01-12 05:24:21.617979
896,mario,,209,No,2021-01-12 05:24:35.058807
897,mario,,129,No,2021-01-12 05:25:02.542234
898,mario,,790,No,2021-01-12 05:25:32.408165
899,kika,,244,No,2021-01-12 05:31:29.097911
900,kika,,552,Yes,2021-01-12 05:31:34.557008
901,loop,,795,No,2021-01-12 06:09:28.242223
902,loop,,229,Yes,2021-01-12 06:14:32.516378
903,loop,,671,Maybe,2021-01-12 06:21:54.287737
904,loop,,688,Maybe,2021-01-12 06:26:03.767122
905,loop,,683,No,2021-01-12 06:26:16.3331
906,loop,,551,Maybe,2021-01-12 06:26:28.815561
907,Jose,,59,No,2021-01-12 06:27:11.524151
908,Jose,,529,Maybe,2021-01-12 06:27:40.878145
909,kika,,516,Maybe,2021-01-12 06:41:01.797422
910,kika,,204,Maybe,2021-01-12 06:52:45.375307
911,kika,,567,No,2021-01-12 06:54:14.443628
912,kika,,207,No,2021-01-12 06:54:19.785428
913,kika,,767,No,2021-01-12 06:56:50.384841
914,dffddf,,720,Maybe,2021-01-12 07:30:59.032788
915,dffddf,,515,Maybe,2021-01-12 07:31:05.526779
916,dffddf,,576,No,2021-01-12 07:31:12.594157
917,dffddf,,794,No,2021-01-12 07:31:16.787737
918,dffddf,,526,No,2021-01-12 07:31:20.74809
919,dffddf,,419,No,2021-01-12 07:31:27.888948
920,dffddf,,571,Maybe,2021-01-12 07:31:35.326172
921,dffddf,,285,No,2021-01-12 07:31:46.070162
922,dffddf,,663,No,2021-01-12 07:31:55.111472
923,dffddf,,420,No,2021-01-12 07:32:00.910119
924,dffddf,,242,No,2021-01-12 07:32:06.193195
925,dffddf,,256,No,2021-01-12 07:32:09.529605
926,dffddf,,119,No,2021-01-12 07:32:21.600993
927,John,,638,No,2021-01-12 07:33:47.032106
928,John,,647,No,2021-01-12 07:34:06.963114
929,John,,620,No,2021-01-12 07:34:14.295723
930,John,,635,No,2021-01-12 07:34:35.722459
931,Gabriel,,829,No,2021-01-12 12:20:32.276644
932,Gabriel,,830,No,2021-01-12 12:20:48.860725
933,Gabriel,,831,No,2021-01-12 12:21:26.652022
934,Gabriel,,832,No,2021-01-12 12:21:40.820543
935,Gabriel,,833,No,2021-01-12 12:22:10.805346
936,Gabriel,,834,No,2021-01-12 12:22:24.816217
937,Gabriel,,835,No,2021-01-12 12:22:34.931963
938,Gabriel,,836,No,2021-01-12 12:22:40.476636
939,Gabriel,,837,No,2021-01-12 12:22:46.768264
940,Gabriel,,838,No,2021-01-12 12:23:15.674374
941,Gabriel,,839,No,2021-01-12 12:23:30.267981
942,Gabriel,,840,Maybe,2021-01-12 12:23:38.011472
943,Gabriel,,841,No,2021-01-12 12:23:50.779501
944,Gabriel,,842,No,2021-01-12 12:23:59.103167
945,Gabriel,,843,No,2021-01-12 12:24:10.773243
946,Gabriel,,844,No,2021-01-12 12:24:30.260339
947,Gabriel,,845,No,2021-01-12 12:24:39.056926
948,Gabriel,,866,No,2021-01-12 12:24:51.785993
949,Gabriel,,846,No,2021-01-12 12:24:56.051969
950,Gabriel,,847,No,2021-01-12 12:25:04.299437
951,Gabriel,,848,No,2021-01-12 12:25:22.610034
952,Gabriel,,849,No,2021-01-12 12:25:36.637512
953,Gabriel,,850,No,2021-01-12 12:25:45.390571
954,Gabriel,,858,No,2021-01-12 12:25:53.461454
955,Gabriel,,851,No,2021-01-12 12:26:06.389335
956,Gabriel,,852,No,2021-01-12 12:26:16.626056
957,Gabriel,,853,No,2021-01-12 12:26:27.373147
958,Gabriel,,854,No,2021-01-12 12:26:45.705288
959,Gabriel,,855,Maybe,2021-01-12 12:26:54.73376
960,Gabriel,,856,No,2021-01-12 12:26:58.692039
961,Gabriel,,857,No,2021-01-12 12:27:02.367728
962,Gabriel,,859,No,2021-01-12 12:27:13.141311
963,Gabriel,,860,No,2021-01-12 12:27:20.142534
964,Gabriel,,861,No,2021-01-12 12:27:34.250221
965,Gabriel,,862,No,2021-01-12 12:27:39.35034
966,Gabriel,,863,No,2021-01-12 12:27:49.172888
967,Gabriel,,864,No,2021-01-12 12:28:01.546231
968,Gabriel,,865,No,2021-01-12 12:28:22.391038
969,Gabriel,,867,No,2021-01-12 12:28:43.617327
970,Gabriel,,868,No,2021-01-12 12:28:53.68761
971,Gabriel,,869,No,2021-01-12 12:28:58.794212
972,Gabriel,,870,Yes,2021-01-12 12:29:10.695453
973,Gabriel,,871,No,2021-01-12 12:29:19.911673
974,Gabriel,,872,No,2021-01-12 12:29:29.148001
975,Gabriel,,873,Maybe,2021-01-12 12:29:39.254981
976,Gabriel,,874,Maybe,2021-01-12 12:29:55.095947
977,Gabriel,,875,No,2021-01-12 12:30:06.778931
978,Gabriel,,876,No,2021-01-12 12:30:17.302993
979,Gabriel,,877,No,2021-01-12 12:30:31.741515
980,Gabriel,,878,No,2021-01-12 12:30:39.992096
981,Gabriel,,879,Maybe,2021-01-12 12:30:47.622962
982,Gabriel,,880,Maybe,2021-01-12 12:30:57.74867
983,Gabriel,,881,Maybe,2021-01-12 12:31:05.23338
984,Gabriel,,882,No,2021-01-12 12:31:11.884051
985,Gabriel,,883,No,2021-01-12 12:31:22.115246
986,Gabriel,,884,No,2021-01-12 12:31:27.408272
987,Gabriel,,885,No,2021-01-12 12:31:33.599369
988,Hugo,,495,No,2021-01-12 14:44:56.314369
989,Hugo,,810,No,2021-01-12 14:45:07.299542
990,Hugo,,260,No,2021-01-12 14:45:22.14588
991,Hugo,,471,Maybe,2021-01-12 14:45:34.462858
992,Hugo,,880,Maybe,2021-01-12 14:45:52.596839
993,Hugo,,837,No,2021-01-12 14:46:01.393848
994,Hugo,,68,No,2021-01-12 14:46:13.673401
995,Hugo,,669,No,2021-01-12 14:46:23.39662
996,Hugo,,123,No,2021-01-12 14:46:38.257741
997,Hugo,,477,No,2021-01-12 14:46:50.567962
998,Hugo,,269,No,2021-01-12 14:46:57.539897
999,Hugo,,79,No,2021-01-12 14:47:06.158046
1000,Hugo,,245,No,2021-01-12 14:47:12.282525
1001,Hugo,,176,No,2021-01-12 14:47:21.97111
1002,Hugo,,256,No,2021-01-12 14:47:35.144397
1003,Hugo,,48,No,2021-01-12 14:47:40.604401
1004,Hugo,,198,No,2021-01-12 14:47:50.137745
1005,Hugo,,70,No,2021-01-12 14:48:08.54625
1006,Hugo,,790,No,2021-01-12 14:48:49.724232
1007,Hugo,,401,No,2021-01-12 14:48:56.798358
1008,Hugo,,507,No,2021-01-12 14:49:02.915266
1009,Hugo,,427,No,2021-01-12 14:49:17.777861
1010,Hugo,,187,No,2021-01-12 14:49:26.456409
1011,John,,511,No,2021-01-12 17:22:59.105968
1012,Gabriela,,278,No,2021-01-12 18:14:32.296539
1013,Gabriela,,476,Maybe,2021-01-12 18:15:17.170174
1014,Gabriela,,35,No,2021-01-12 18:19:45.249345
1015,Gabriela,,117,No,2021-01-12 18:20:18.067442
1016,Gabriela,,982,Yes,2021-01-12 18:20:45.569261
1017,Gabriela,,924,Yes,2021-01-12 18:20:56.188081
1018,Gabriela,,251,No,2021-01-12 18:21:10.215575
1019,Gabriela,,674,No,2021-01-12 18:21:21.722494
1020,Gabriela,,516,No,2021-01-12 18:21:51.527666
1021,Gabriela,,459,No,2021-01-12 18:22:09.754492
1022,Gabriela,,152,No,2021-01-12 18:22:17.42973
1023,Gabriela,,478,No,2021-01-12 18:22:57.631565
1024,Gabriela,,1049,No,2021-01-12 18:23:10.170331
1025,Gabriela,,57,Maybe,2021-01-12 18:23:26.790353
1026,Gabriela,,930,No,2021-01-12 18:23:43.54151
1027,Gabriela,,501,No,2021-01-12 18:23:53.852441
1028,Gabriela,,844,No,2021-01-12 18:24:01.844432
1029,Gabriela,,392,No,2021-01-12 18:24:49.679999
1030,Gabriela,,517,Maybe,2021-01-12 18:24:58.561012
1031,Gabriela,,1064,No,2021-01-12 18:25:01.691158
1032,Gabriela,,705,No,2021-01-12 18:25:05.651135
1033,Gabriela,,1043,Yes,2021-01-12 18:25:14.746687
1034,Gabriela,,922,No,2021-01-12 18:26:03.70873
1035,Gabriela,,970,Maybe,2021-01-12 18:26:11.562001
1036,Gfff,,75,No,2021-01-12 19:38:46.447252
1037,Gfff,,1069,Yes,2021-01-12 19:39:00.050135
1038,Gfff,,563,No,2021-01-12 19:39:17.002481
1039,Gfff,,330,Yes,2021-01-12 19:39:38.428317
1040,Gfff,,871,No,2021-01-12 19:39:58.343131
1041,Gfff,,905,No,2021-01-12 19:40:37.474644
1042,Gfff,,716,No,2021-01-12 19:41:07.696122
1043,Gfff,,254,No,2021-01-12 19:41:25.219154
1044,Gfff,,790,No,2021-01-12 19:41:45.888714
1045,David,,624,No,2021-01-12 22:40:39.470913
1046,David,,791,No,2021-01-12 22:40:47.146778
1047,David,,50,No,2021-01-12 22:40:55.000322
1048,David,,722,No,2021-01-12 22:41:03.929672
1049,David,,108,No,2021-01-12 22:41:46.983884
1050,David,,515,No,2021-01-12 22:44:14.192792
1051,David,,729,No,2021-01-12 22:44:18.837075
1052,David,,883,No,2021-01-12 22:44:22.070642
1053,David,,813,No,2021-01-12 22:44:25.408735
1054,David,,188,No,2021-01-12 22:44:29.567659
1055,David,,184,No,2021-01-12 22:56:57.771147
1056,David,,871,No,2021-01-12 22:57:36.318804
1057,David,,149,No,2021-01-12 22:57:42.534064
1058,David,,662,No,2021-01-12 22:57:47.662956
1059,David,,720,No,2021-01-12 22:57:53.727292
1060,David,,937,Yes,2021-01-12 22:58:02.572576
1061,Gabriel,,886,No,2021-01-13 00:39:22.391362
1062,Gabriel,,887,No,2021-01-13 00:39:29.871849
1063,Gabriel,,888,No,2021-01-13 00:39:37.478577
1064,Gabriel,,889,No,2021-01-13 00:44:31.432367
1065,Gabriel,,923,No,2021-01-13 00:45:07.451816
1066,Gabriel,,890,No,2021-01-13 00:45:36.566785
1067,Gabriel,,891,No,2021-01-13 00:45:51.836989
1068,Gabriel,,892,No,2021-01-13 00:46:03.560193
1069,Gabriel,,1107,No,2021-01-13 00:46:10.712956
1070,Gabriel,,898,No,2021-01-13 00:46:18.392016
1071,Gabriel,,893,No,2021-01-13 00:46:28.235182
1072,Gabriel,,895,No,2021-01-13 00:46:40.259901
1073,Gabriel,,894,No,2021-01-13 00:46:51.799707
1074,Gabriel,,896,No,2021-01-13 00:46:59.307324
1075,Gabriel,,897,No,2021-01-13 00:47:07.383345
1076,Gabriel,,899,No,2021-01-13 00:47:14.959245
1077,Gabriel,,900,No,2021-01-13 00:47:26.712695
1078,Gabriel,,901,No,2021-01-13 00:47:44.689631
1079,Gabriel,,902,No,2021-01-13 00:47:56.351495
1080,Gabriel,,911,No,2021-01-13 00:48:07.828558
1081,Gabriel,,1064,No,2021-01-13 00:48:15.680236
1082,Gabriel,,903,No,2021-01-13 00:48:26.105981
1083,Gabriel,,904,No,2021-01-13 00:48:35.68177
1084,Gabriel,,905,No,2021-01-13 00:48:43.257981
1085,Gabriel,,906,No,2021-01-13 00:48:55.813355
1086,Gabriel,,907,No,2021-01-13 00:49:08.435359
1087,Gabriel,,1078,Maybe,2021-01-13 00:49:17.67918
1088,Gabriel,,948,No,2021-01-13 00:49:26.441076
1089,Gabriel,,908,Maybe,2021-01-13 00:49:48.910504
1090,Gabriel,,909,No,2021-01-13 00:49:55.47534
1091,Gabriel,,980,No,2021-01-13 00:50:04.271638
1092,Gabriel,,910,Maybe,2021-01-13 00:50:22.275866
1093,Gabriel,,912,No,2021-01-13 00:50:30.414148
1094,Gabriel,,986,Yes,2021-01-13 00:52:19.156261
1095,Gabriel,,913,No,2021-01-13 00:52:25.839027
1096,Gabriel,,914,No,2021-01-13 00:52:32.963802
1097,Gabriel,,915,No,2021-01-13 00:52:40.116898
1098,Gabriel,,1046,No,2021-01-13 00:52:53.423965
1099,Gabriel,,916,Maybe,2021-01-13 00:53:04.158949
1100,Gabriel,,917,No,2021-01-13 00:53:26.300847
1101,Gabriel,,918,No,2021-01-13 00:53:34.167024
1102,Gabriel,,919,Maybe,2021-01-13 00:53:47.171633
1103,Gabriel,,920,No,2021-01-13 01:05:03.423653
1104,Gabriel,,921,No,2021-01-13 01:05:12.11295
1105,Gabriel,,922,No,2021-01-13 01:05:19.863748
1106,Gabriel,,924,Maybe,2021-01-13 01:09:23.377442
1107,Gabriel,,925,Maybe,2021-01-13 01:09:30.923381
1108,Gabriel,,926,No,2021-01-13 01:16:42.562403
1109,Gabriel,,927,Maybe,2021-01-13 01:16:56.587778
1110,Gabriel,,928,No,2021-01-13 01:17:06.031713
1111,Gabriel,,929,Maybe,2021-01-13 01:17:18.252113
1112,Gabriel,,930,No,2021-01-13 01:17:23.356633
1113,Gabriel,,931,No,2021-01-13 01:17:37.00909
1114,Gabriel,,932,No,2021-01-13 01:20:14.956377
1115,Gabriel,,933,No,2021-01-13 01:20:22.20239
1116,Gabriel,,1108,No,2021-01-13 01:20:29.6768
1117,Gabriel,,934,No,2021-01-13 01:20:36.464035
1118,Gabriel,,935,No,2021-01-13 01:21:07.885569
1119,Gabriel,,936,No,2021-01-13 01:22:24.905637
1120,Gabriel,,937,Maybe,2021-01-13 01:24:23.721093
1121,Gabriel,,938,No,2021-01-13 01:24:30.428465
1122,Gabriel,,939,No,2021-01-13 01:24:44.712613
1123,Gabriel,,940,Maybe,2021-01-13 01:24:53.696815
1124,Gabriel,,941,No,2021-01-13 01:25:00.89997
1125,Gabriel,,991,No,2021-01-13 01:25:16.803122
1126,Gabriel,,942,No,2021-01-13 01:25:29.478491
1127,Gabriel,,1111,No,2021-01-13 01:25:55.845788
1128,Gabriel,,943,No,2021-01-13 01:26:08.999402
1129,Gabriel,,944,No,2021-01-13 01:26:21.904212
1130,Gabriel,,945,Maybe,2021-01-13 02:17:37.661309
1131,Gabriel,,945,Maybe,2021-01-13 02:17:37.694223
1132,Gabriel,,946,Maybe,2021-01-13 02:17:47.024593
1133,Gabriel,,1018,No,2021-01-13 02:17:56.419655
1134,Gabriel,,947,No,2021-01-13 02:18:01.456787
1135,Gabriel,,1092,No,2021-01-13 02:18:14.184463
1136,Gabriel,,949,No,2021-01-13 02:18:21.278303
1137,Gabriel,,1109,No,2021-01-13 02:18:32.831569
1138,Gabriel,,950,No,2021-01-13 02:19:09.318757
1139,Gabriel,,1070,No,2021-01-13 02:19:15.971637
1140,Gabriel,,951,Maybe,2021-01-13 02:19:34.35479
1141,Gabriel,,952,Maybe,2021-01-13 02:19:47.007038
1142,Gabriel,,953,No,2021-01-13 02:19:53.564572
1143,Gabriel,,954,No,2021-01-13 02:19:57.582547
1144,Gabriel,,955,No,2021-01-13 02:20:04.036191
1145,Gabriel,,956,No,2021-01-13 02:20:11.164373
1146,Gabriel,,957,No,2021-01-13 02:20:19.173479
1147,Gabriel,,977,No,2021-01-13 02:20:31.233153
1150,Gabriel,,1063,Maybe,2021-01-13 02:21:00.141735
1153,Gabriel,,961,No,2021-01-13 02:21:30.954602
1154,Gabriel,,962,No,2021-01-13 02:21:38.711212
1158,Gabriel,,965,No,2021-01-13 02:22:20.067277
1159,Gabriel,,966,No,2021-01-13 02:22:31.9409
1161,Gabriel,,968,No,2021-01-13 02:24:31.670601
1163,Gabriel,,970,Maybe,2021-01-13 02:25:06.146623
1166,Gabriel,,973,No,2021-01-13 02:25:36.409725
1148,Gabriel,,958,No,2021-01-13 02:20:38.869696
1149,Gabriel,,959,No,2021-01-13 02:20:51.235788
1151,Gabriel,,1013,No,2021-01-13 02:21:06.641296
1152,Gabriel,,960,Maybe,2021-01-13 02:21:23.661891
1155,Gabriel,,963,No,2021-01-13 02:21:45.072751
1156,Gabriel,,964,No,2021-01-13 02:21:49.103497
1157,Gabriel,,1062,No,2021-01-13 02:22:10.732611
1160,Gabriel,,967,No,2021-01-13 02:24:24.505651
1162,Gabriel,,969,No,2021-01-13 02:24:44.457275
1164,Gabriel,,971,No,2021-01-13 02:25:14.357899
1165,Gabriel,,972,No,2021-01-13 02:25:23.860985
1167,Gabriel,,974,Maybe,2021-01-13 02:25:53.467238
1168,Gabriel,,975,No,2021-01-13 02:26:00.522259
1169,Gabriel,,976,Yes,2021-01-13 02:26:08.397846
1170,Gabriel,,978,No,2021-01-13 02:26:35.733371
1171,Gabriel,,979,No,2021-01-13 02:26:49.563986
1172,Gabriel,,981,Yes,2021-01-13 02:27:01.954436
1173,Gabriel,,1073,No,2021-01-13 02:27:09.268854
1174,Gabriel,,982,Yes,2021-01-13 02:27:17.295113
1175,Gabriel,,983,No,2021-01-13 02:27:25.699218
1176,Gabriel,,984,No,2021-01-13 02:27:34.454446
1177,Gabriel,,985,No,2021-01-13 02:27:42.23777
1178,Gabriel,,987,No,2021-01-13 02:27:46.679343
1179,Gabriel,,988,Maybe,2021-01-13 02:27:54.641069
1180,Gabriel,,989,No,2021-01-13 02:28:07.623398
1181,Gabriel,,990,No,2021-01-13 02:28:34.164038
1182,Gabriel,,992,No,2021-01-13 02:28:50.684171
1183,Gabriel,,993,Maybe,2021-01-13 02:28:59.432442
1184,Gabriel,,994,No,2021-01-13 02:29:03.972059
1185,Gabriel,,995,No,2021-01-13 02:29:11.902202
1186,Gabriel,,996,No,2021-01-13 02:29:23.776625
1187,Gabriel,,997,Maybe,2021-01-13 02:29:31.751468
1188,Gabriel,,998,No,2021-01-13 02:29:38.278303
1189,Gabriel,,999,No,2021-01-13 02:29:52.442081
1190,Gabriel,,1000,No,2021-01-13 02:29:59.646095
1191,Gabriel,,1001,No,2021-01-13 02:30:15.370207
1192,Gabriel,,1044,No,2021-01-13 02:30:21.690338
1193,Gabriel,,1002,No,2021-01-13 02:30:29.046086
1194,Gabriel,,1003,Maybe,2021-01-13 02:30:40.378584
1195,Gabriel,,1004,No,2021-01-13 02:32:08.5495
1196,Gabriel,,1005,No,2021-01-13 02:32:45.198658
1197,Gabriel,,1006,No,2021-01-13 02:32:51.505968
1198,Gabriel,,1087,Maybe,2021-01-13 02:32:59.209004
1199,Gabriel,,1007,No,2021-01-13 02:33:16.981932
1200,Gabriel,,1008,No,2021-01-13 02:33:29.186973
1201,Gabriel,,1096,No,2021-01-13 02:33:36.337628
1202,Gabriel,,1009,No,2021-01-13 02:33:43.755313
1203,Gabriel,,1010,Maybe,2021-01-13 02:34:01.98021
1204,Gabriel,,1011,No,2021-01-13 02:34:06.451185
1205,Gabriel,,1012,No,2021-01-13 02:34:12.868865
1206,Gabriel,,1014,No,2021-01-13 02:34:19.625697
1207,Gabriel,,1015,No,2021-01-13 02:34:26.601838
1208,Gabriel,,1016,No,2021-01-13 02:34:38.76755
1209,Gabriel,,1017,No,2021-01-13 02:34:51.632798
1210,Gabriel,,1019,No,2021-01-13 02:35:13.049791
1211,Gabriel,,1020,No,2021-01-13 02:35:26.142814
1212,Gabriel,,1021,No,2021-01-13 02:35:33.089704
1213,Gabriel,,1022,No,2021-01-13 02:35:44.46392
1214,Gabriel,,1023,No,2021-01-13 02:35:56.931616
1215,Gabriel,,1024,No,2021-01-13 02:36:09.237725
1216,Gabriel,,1025,No,2021-01-13 02:36:18.149912
1217,Gabriel,,1026,No,2021-01-13 02:37:28.076855
1218,Gabriel,,1027,No,2021-01-13 02:37:40.18207
1219,Gabriel,,1028,No,2021-01-13 02:37:46.707636
1220,Gabriel,,1043,Maybe,2021-01-13 02:37:54.795045
1221,Gabriel,,1029,Maybe,2021-01-13 02:38:04.115424
1222,Gabriel,,1030,No,2021-01-13 02:38:22.517597
1223,Gabriel,,1031,No,2021-01-13 02:38:26.335783
1224,Gabriel,,1032,No,2021-01-13 02:38:51.021293
1225,Gabriel,,1033,No,2021-01-13 02:38:57.841649
1226,Gabriel,,1034,No,2021-01-13 02:39:28.721546
1227,Gabriel,,1035,No,2021-01-13 02:39:39.970158
1228,Gabriel,,1036,Maybe,2021-01-13 02:39:44.756541
1229,Gabriel,,1037,No,2021-01-13 02:40:42.421287
1230,Gabriel,,1038,No,2021-01-13 02:40:45.806986
1231,Gabriel,,1047,No,2021-01-13 02:40:49.994207
1232,Gabriel,,1039,No,2021-01-13 02:41:20.809158
1233,Gabriel,,1122,No,2021-01-13 02:41:29.98424
1234,Gabriel,,1040,No,2021-01-13 02:41:43.159816
1235,Gabriel,,1041,No,2021-01-13 02:41:49.337441
1236,Gabriel,,1042,No,2021-01-13 02:41:52.961776
1237,Gabriel,,1045,No,2021-01-13 02:42:00.122456
1238,Gabriel,,1048,No,2021-01-13 02:42:04.146078
1239,Gabriel,,1110,No,2021-01-13 02:42:08.052859
1240,Gabriel,,1049,No,2021-01-13 02:42:12.532261
1241,Gabriel,,1050,No,2021-01-13 02:42:16.393516
1242,Gabriel,,1051,No,2021-01-13 02:42:22.162304
1243,Gabriel,,1052,No,2021-01-13 02:42:27.832775
1244,Gabriel,,1053,No,2021-01-13 02:42:30.849657
1245,Gabriel,,1054,No,2021-01-13 02:42:33.089205
1246,Gabriel,,1055,No,2021-01-13 02:42:35.617462
1247,Gabriel,,1056,No,2021-01-13 02:42:38.498201
1248,Gabriel,,1057,No,2021-01-13 02:42:41.024876
1249,Gabriel,,1058,No,2021-01-13 02:42:43.650848
1250,Gabriel,,1059,No,2021-01-13 02:42:49.520642
1251,Gabriel,,1106,No,2021-01-13 02:43:00.227269
1252,Gabriel,,1060,No,2021-01-13 02:43:03.501324
1253,Gabriel,,1061,No,2021-01-13 02:43:10.729767
1254,Gabriel,,1065,No,2021-01-13 02:43:13.962526
1255,Gabriel,,1066,Maybe,2021-01-13 02:43:21.172931
1256,Gabriel,,1067,No,2021-01-13 02:43:24.554443
1257,Gabriel,,1068,No,2021-01-13 02:43:34.817944
1258,Gabriel,,1069,Yes,2021-01-13 02:43:39.117319
1259,Gabriel,,1071,No,2021-01-13 02:43:42.344385
1260,Gabriel,,1072,No,2021-01-13 02:43:44.942293
1261,Gabriel,,1074,No,2021-01-13 02:43:47.646956
1262,Gabriel,,1075,No,2021-01-13 02:43:50.706848
1263,Gabriel,,1076,No,2021-01-13 02:43:54.205396
1264,Gabriel,,1077,No,2021-01-13 02:43:57.677693
1265,Gabriel,,1079,Yes,2021-01-13 02:44:08.731823
1266,Gabriel,,1080,No,2021-01-13 02:44:11.533819
1267,Gabriel,,1081,No,2021-01-13 02:44:14.07855
1268,Gabriel,,1082,No,2021-01-13 02:44:17.370384
1269,Gabriel,,1083,No,2021-01-13 02:44:36.038279
1270,Gabriel,,1084,No,2021-01-13 02:44:39.312826
1271,Gabriel,,1085,No,2021-01-13 02:44:42.922594
1272,Gabriel,,1086,No,2021-01-13 02:44:45.593936
1273,Gabriel,,1088,No,2021-01-13 02:44:48.525321
1274,Gabriel,,1089,No,2021-01-13 02:44:51.179533
1275,Gabriel,,1090,No,2021-01-13 02:44:54.709947
1276,Gabriel,,1091,No,2021-01-13 02:44:58.002008
1277,Gabriel,,1093,No,2021-01-13 02:45:00.71727
1278,Gabriel,,1094,Yes,2021-01-13 02:45:05.311007
1279,Gabriel,,1095,No,2021-01-13 02:45:07.966854
1280,Gabriel,,1097,No,2021-01-13 02:45:11.167566
1281,Gabriel,,1098,No,2021-01-13 02:45:14.467785
1282,Gabriel,,1099,No,2021-01-13 02:45:21.364511
1283,Gabriel,,1100,No,2021-01-13 02:45:24.97422
1284,Gabriel,,1101,No,2021-01-13 02:45:27.726098
1285,Gabriel,,1102,No,2021-01-13 02:45:33.976635
1286,Gabriel,,1103,Yes,2021-01-13 02:45:41.325409
1287,Gabriel,,1104,No,2021-01-13 02:45:45.013367
1288,Gabriel,,1105,No,2021-01-13 02:45:47.948715
1289,Gabriel,,1112,No,2021-01-13 02:45:51.504657
1290,Gabriel,,1113,No,2021-01-13 02:46:03.288875
1291,Gabriel,,1114,Yes,2021-01-13 02:46:24.546216
1292,Gabriel,,1115,No,2021-01-13 02:46:30.719548
1293,Gabriel,,1116,No,2021-01-13 02:46:36.969128
1294,Gabriel,,1117,No,2021-01-13 02:46:42.910813
1295,Gabriel,,1118,No,2021-01-13 02:46:49.138565
1296,Gabriel,,1119,No,2021-01-13 02:46:55.636915
1297,Gabriel,,1120,No,2021-01-13 02:47:03.578854
1298,Gabriel,,1121,No,2021-01-13 02:47:09.251381
1299,Gabriel,,1123,No,2021-01-13 02:47:22.069415
1300,Gabriel,,1124,No,2021-01-13 02:47:32.623409
1303,Gabriel,,1127,No,2021-01-13 02:47:51.886277
1309,Gabriel,,1133,No,2021-01-13 02:48:43.28203
1310,Gabriel,,1134,No,2021-01-13 02:48:53.58155
1311,Gabriel,,1135,No,2021-01-13 02:49:00.307889
1312,Gabriel,,1136,No,2021-01-13 02:49:07.402607
1301,Gabriel,,1125,No,2021-01-13 02:47:39.047229
1302,Gabriel,,1126,No,2021-01-13 02:47:45.338539
1304,Gabriel,,1128,No,2021-01-13 02:48:11.672059
1305,Gabriel,,1129,No,2021-01-13 02:48:18.870941
1306,Gabriel,,1130,No,2021-01-13 02:48:24.514019
1307,Gabriel,,1131,No,2021-01-13 02:48:31.206638
1308,Gabriel,,1132,Yes,2021-01-13 02:48:38.39266
1313,aa,,294,No,2021-01-13 17:45:53.596411
1314,Ffff,,433,No,2021-01-13 18:00:46.369388
1315,Sara,,813,No,2021-01-13 18:04:07.060368
1316,Sara,,58,No,2021-01-13 18:04:13.644073
1317,Sara,,583,Maybe,2021-01-13 18:04:17.29723
1318,Sara,,464,Maybe,2021-01-13 18:04:21.602609
1319,Sara,,916,Maybe,2021-01-13 18:04:25.686661
1320,Sara,,772,No,2021-01-13 18:04:33.642144
1321,Sara,,690,Maybe,2021-01-13 18:04:37.727944
1322,Sara,,783,No,2021-01-13 18:04:40.554313
1323,Sara,,1,No,2021-01-13 18:04:45.013334
1324,Sara,,431,Maybe,2021-01-13 18:04:48.511928
1325,Sara,,102,Maybe,2021-01-13 18:04:52.492249
1326,Sara,,1019,Yes,2021-01-13 18:04:57.248158
1327,Sara,,522,No,2021-01-13 18:05:03.059072
1328,Sara,,1218,No,2021-01-13 18:05:06.263402
1329,Sara,,180,Maybe,2021-01-13 18:05:10.144405
1330,Sara,,630,Maybe,2021-01-13 18:05:13.208932
1331,Sara,,764,No,2021-01-13 18:05:16.707866
1332,Sara,,410,Maybe,2021-01-13 18:05:22.321487
1333,Sara,,200,Maybe,2021-01-13 18:05:25.422187
1334,Sara,,237,No,2021-01-13 18:05:29.688414
1335,Sara,,108,No,2021-01-13 18:05:37.371504
1336,Sara,,538,No,2021-01-13 18:05:41.276024
1337,Sara,,162,Maybe,2021-01-13 18:05:44.648791
1338,Sara,,765,No,2021-01-13 18:05:47.757077
1339,Sara,,141,No,2021-01-13 18:05:50.265443
1340,Sara,,303,No,2021-01-13 18:05:53.728695
1341,Sara,,504,No,2021-01-13 18:05:56.891882
1342,Sara,,970,No,2021-01-13 18:05:59.302918
1343,Sara,,337,No,2021-01-13 18:06:02.41398
1344,Sara,,707,No,2021-01-13 18:06:05.462197
1345,Sara,,1033,No,2021-01-13 18:06:08.001943
1346,Sara,,457,No,2021-01-13 18:06:10.382494
1347,Sara,,426,No,2021-01-13 18:06:12.783379
1348,Sara,,419,No,2021-01-13 18:06:18.579312
1349,Sara,,442,No,2021-01-13 18:06:20.855487
1350,Sara,,650,No,2021-01-13 18:06:23.775451
1351,Sara,,1122,No,2021-01-13 18:06:26.835251
1352,Sara,,506,No,2021-01-13 18:06:29.538325
1353,Sara,,897,Maybe,2021-01-13 18:06:33.103416
1354,Sara,,692,No,2021-01-13 18:06:35.831621
1355,Sara,,465,Maybe,2021-01-13 18:06:39.914592
1356,Sara,,485,No,2021-01-13 18:06:48.435287
1357,Sara,,395,Maybe,2021-01-13 18:06:52.03395
1358,Sara,,1165,Maybe,2021-01-13 18:06:58.84459
1359,Sara,,1078,No,2021-01-13 18:07:02.002822
1360,Sara,,948,No,2021-01-13 18:07:05.089283
1361,Sara,,776,No,2021-01-13 18:07:08.973938
1362,Sara,,447,No,2021-01-13 18:07:12.649681
1363,Sara,,782,Maybe,2021-01-13 18:07:16.57755
1364,Sara,,1020,No,2021-01-13 18:07:19.663426
1365,Sara,,754,No,2021-01-13 18:07:22.824938
1366,Sara,,605,Maybe,2021-01-13 18:07:27.081304
1367,Sara,,910,No,2021-01-13 18:07:31.054777
1368,Sara,,172,Maybe,2021-01-13 18:07:35.083741
1369,Sara,,1137,Maybe,2021-01-13 18:07:38.650775
1370,Sara,,497,Maybe,2021-01-13 18:07:41.90727
1371,Sara,,642,No,2021-01-13 18:07:45.434549
1372,Sara,,882,No,2021-01-13 18:07:48.695278
1373,Sara,,74,No,2021-01-13 18:07:51.195744
1374,Sara,,675,Maybe,2021-01-13 18:07:54.388139
1375,Sara,,1182,Maybe,2021-01-13 18:08:02.848158
1376,Sara,,362,No,2021-01-13 18:08:06.055341
1377,Sara,,217,No,2021-01-13 18:08:11.090084
1378,Sara,,745,No,2021-01-13 18:08:18.149408
1379,Sara,,561,Maybe,2021-01-13 18:08:21.843372
1380,Sara,,470,No,2021-01-13 18:08:25.355347
1381,Sara,,289,Maybe,2021-01-13 18:08:29.855671
1382,Sara,,592,No,2021-01-13 18:08:33.391091
1383,Sara,,612,No,2021-01-13 18:08:36.057195
1384,Sara,,164,Maybe,2021-01-13 18:08:39.043707
1385,Sara,,631,No,2021-01-13 18:08:41.682219
1386,Sara,,875,No,2021-01-13 18:08:44.112142
1387,Sara,,584,Maybe,2021-01-13 18:08:47.895516
1388,Sara,,668,Maybe,2021-01-13 18:08:51.506143
1389,Sara,,1018,No,2021-01-13 18:08:54.215681
1390,Sara,,919,No,2021-01-13 18:08:57.306749
1391,Sara,,826,No,2021-01-13 18:08:59.815331
1392,Sara,,1123,No,2021-01-13 18:09:04.033809
1393,Sara,,378,No,2021-01-13 18:09:06.576388
1394,Sara,,149,Maybe,2021-01-13 18:09:11.80742
1395,Sara,,93,No,2021-01-13 18:09:14.88017
1396,Sara,,418,No,2021-01-13 18:09:18.367769
1397,Sara,,862,Maybe,2021-01-13 18:09:21.605682
1398,Sara,,898,No,2021-01-13 18:09:24.756435
1399,Sara,,252,No,2021-01-13 18:09:27.013713
1400,Sara,,112,No,2021-01-13 18:09:31.151399
1401,Sara,,874,No,2021-01-13 18:09:33.711209
1402,Sara,,581,Maybe,2021-01-13 18:09:37.818847
1403,Sara,,499,No,2021-01-13 18:09:40.294978
1404,Sara,,798,No,2021-01-13 18:09:42.571238
1405,Sara,,658,No,2021-01-13 18:09:44.704131
1406,Sara,,833,Maybe,2021-01-13 18:09:51.804977
1407,Sara,,727,No,2021-01-13 18:09:54.734603
1408,Sara,,1107,No,2021-01-13 18:10:00.353658
1409,Sara,,965,No,2021-01-13 18:10:04.042188
1410,Sara,,641,No,2021-01-13 18:10:07.287641
1411,Sara,,1053,No,2021-01-13 18:10:10.706133
1412,Sara,,225,No,2021-01-13 18:10:13.261607
1413,Sara,,97,No,2021-01-13 18:10:15.594082
1414,Sara,,338,No,2021-01-13 18:10:18.479325
1415,Sara,,339,No,2021-01-13 18:10:21.794513
1416,Sara,,944,No,2021-01-13 18:10:25.347797
1417,Sara,,486,No,2021-01-13 18:10:28.767472
1418,Sara,,1187,No,2021-01-13 18:10:31.84479
1446,eeeee,,166,No,2021-01-13 21:08:06.819182
1447,Dustin,,127,Maybe,2021-01-13 21:09:32.152201
1448,Dustin,,1071,No,2021-01-13 21:09:39.299494
1449,Dustin,,467,Maybe,2021-01-13 21:09:48.842151
1450,Dustin,,89,Yes,2021-01-13 21:09:54.73517
1451,Dustin,,895,Maybe,2021-01-13 21:10:04.528364
1452,Dustin,,519,No,2021-01-13 21:10:09.525397
1453,Dustin,,632,Yes,2021-01-13 21:10:17.770179
1454,Dustin,,146,No,2021-01-13 21:10:22.273535
1455,eeeee,,1336,Yes,2021-01-14 00:57:09.568864
1456,eeeee,,1091,No,2021-01-14 01:01:32.819026
1457,eeeee,,992,No,2021-01-14 01:01:45.553261
1458,Gabriel,,1137,No,2021-01-14 01:02:13.660025
1459,Gabriel,,1138,No,2021-01-14 01:02:30.779191
1460,Gabriel,,1139,Yes,2021-01-14 01:02:40.220164
1461,Gabriel,,1306,Yes,2021-01-14 01:02:50.290468
1462,Gabriel,,1140,Maybe,2021-01-14 01:03:03.20378
1463,Gabriel,,1141,No,2021-01-14 01:03:11.440843
1464,Gabriel,,1257,Maybe,2021-01-14 01:03:23.425355
1465,Gabriel,,1142,No,2021-01-14 01:03:36.049446
1466,Gabriel,,1158,No,2021-01-14 01:03:54.72777
1467,Gabriel,,1143,No,2021-01-14 01:04:13.971921
1468,Gabriel,,1366,No,2021-01-14 01:04:23.495213
1469,Gabriel,,1144,Maybe,2021-01-14 01:04:31.451611
1470,Gabriel,,1145,No,2021-01-14 01:04:59.688566
1474,Gabriel,,1148,No,2021-01-14 01:06:29.214237
1476,Gabriel,,1150,Maybe,2021-01-14 01:06:54.27736
1480,Gabriel,,1309,No,2021-01-14 01:21:09.593616
1481,Gabriel,,1331,No,2021-01-14 01:21:17.275934
1484,Gabriel,,1153,No,2021-01-14 01:21:58.078151
1488,Gabriel,,1156,Maybe,2021-01-14 01:22:43.324492
1471,Gabriel,,1146,No,2021-01-14 01:05:18.296803
1472,Gabriel,,1384,No,2021-01-14 01:05:27.803147
1473,Gabriel,,1147,No,2021-01-14 01:05:34.891903
1475,Gabriel,,1149,No,2021-01-14 01:06:37.329549
1477,Gabriel,,1363,No,2021-01-14 01:07:03.263206
1478,Gabriel,,1445,No,2021-01-14 01:07:20.843173
1479,Gabriel,,1151,No,2021-01-14 01:13:57.896041
1482,Gabriel,,1332,Maybe,2021-01-14 01:21:30.407261
1483,Gabriel,,1152,No,2021-01-14 01:21:37.660018
1485,Gabriel,,1281,No,2021-01-14 01:22:05.977455
1486,Gabriel,,1154,No,2021-01-14 01:22:27.859942
1487,Gabriel,,1155,No,2021-01-14 01:22:34.225162
1489,Gabriel,,1157,No,2021-01-14 01:22:49.539362
1490,Gabriel,,1159,Yes,2021-01-14 01:22:57.169071
1491,Gabriel,,1160,No,2021-01-14 01:23:18.637883
1492,ddd,,419,No,2021-01-14 01:49:39.491533
1493,qqq,,233,No,2021-01-14 02:01:24.595722
1494,fdfdfefe,,507,No,2021-01-14 02:29:31.897234
1495,fdfdfefe,,948,No,2021-01-14 02:29:36.146637
1496,dededee,,1179,No,2021-01-14 02:56:55.008326
1497,dededee,,962,Yes,2021-01-14 02:56:58.841713
1498,dededee,,184,No,2021-01-14 02:57:01.763904
1499,dededee,,1111,No,2021-01-14 02:57:04.465103
1500,dededee,,943,Maybe,2021-01-14 02:57:07.404306
1501,Gabriel,,1161,No,2021-01-14 03:09:25.878481
1502,Gabriel,,1162,Maybe,2021-01-14 03:09:56.320909
1503,gabriel,,981,Maybe,2021-01-14 03:19:10.316553
1504,gabriel,,1035,No,2021-01-14 03:19:14.049775
1505,gabriel,,104,No,2021-01-14 03:19:19.026808
1506,gabriel,,1191,No,2021-01-14 03:19:22.780909
1507,gabriel,,81,Maybe,2021-01-14 03:19:30.865455
1508,gabriel,,1016,Maybe,2021-01-14 03:19:36.721117
1509,gabriel,,95,No,2021-01-14 03:19:41.286397
1510,gabriel,,989,Maybe,2021-01-14 03:19:44.649028
1511,gabriel,,705,No,2021-01-14 03:19:49.548998
1512,gabriel,,147,Maybe,2021-01-14 03:19:53.357426
1513,dffddf,,34,No,2021-01-14 06:06:57.422776
1514,dffddf,,1051,No,2021-01-14 06:07:00.588281
1515,dffddf,,1389,No,2021-01-14 06:07:05.111127
1516,dffddf,,1233,No,2021-01-14 06:09:54.649021
1517,wwww,,326,No,2021-01-14 06:44:14.333558
1518,wwww,,1067,Yes,2021-01-14 06:44:29.41299
1519,Eu,,692,No,2021-01-14 06:51:55.96631
1520,Eu,,812,No,2021-01-14 06:52:08.333019
1521,Eu,,1112,No,2021-01-14 06:52:14.730517
1522,Eu,,1272,No,2021-01-14 06:52:22.628019
1523,Eu,,334,No,2021-01-14 06:52:25.306963
1524,Eu,,496,Yes,2021-01-14 06:52:30.098458
1525,Eu,,528,Maybe,2021-01-14 06:52:38.308196
1526,Eu,,609,No,2021-01-14 06:52:45.885659
1527,Eu,,1148,No,2021-01-14 06:52:52.627948
1528,Eu,,239,Maybe,2021-01-14 06:53:00.612656
1529,Eu,,91,No,2021-01-14 06:53:22.948065
1530,Eu,,70,No,2021-01-14 06:53:32.081745
1531,Eu,,530,Maybe,2021-01-14 06:53:42.501109
1532,Eu,,597,No,2021-01-14 06:53:46.166098
1533,Eu,,550,No,2021-01-14 06:53:50.785379
1534,Eu,,829,No,2021-01-14 06:54:09.881183
1535,Eu,,395,No,2021-01-14 06:54:12.966966
1536,Eu,,541,No,2021-01-14 06:54:15.696839
1537,Eu,,991,No,2021-01-14 06:54:18.167502
1538,Eu,,69,No,2021-01-14 06:54:21.242982
1539,Eu,,1134,No,2021-01-14 06:54:24.338589
1540,Eu,,1186,Maybe,2021-01-14 06:54:33.847893
1541,Eu,,1344,No,2021-01-14 06:54:59.86275
1542,Eu,,1007,No,2021-01-14 06:55:06.217788
1543,Eu,,561,No,2021-01-14 06:55:11.15587
1544,Eu,,93,No,2021-01-14 06:55:18.303265
1545,Eu,,477,No,2021-01-14 06:55:25.204963
1546,Eu,,394,No,2021-01-14 06:56:50.314352
1547,Eu,,1174,No,2021-01-14 06:57:34.115899
1548,Eu,,1347,No,2021-01-14 06:57:42.977791
1549,Eu,,782,No,2021-01-14 06:57:46.531247
1550,Eu,,888,No,2021-01-14 06:58:39.363391
1551,Eu,,192,No,2021-01-14 06:58:46.889317
1552,Gabriel,,1163,No,2021-01-14 07:38:00.152008
1553,Gabriel,,1164,No,2021-01-14 07:38:26.517427
1554,Gabriel,,1165,Maybe,2021-01-14 07:39:11.691544
1555,Gabriel,,1166,No,2021-01-14 15:23:59.976368
1556,Gabriel,,1167,Maybe,2021-01-14 15:24:14.1776
1557,Gabriel,,1168,No,2021-01-14 15:24:23.899766
1558,Gabriel,,1169,Maybe,2021-01-14 15:24:33.116283
1559,eeeee,,599,Yes,2021-01-14 20:58:22.135724
1560,eeeee,,1099,No,2021-01-14 20:58:26.019352
1561,gabriel,,28,Yes,2021-01-15 00:42:38.170741
1562,gabriel,,501,No,2021-01-15 00:57:30.035739
1563,gabriel,,286,No,2021-01-15 00:57:33.63028
1564,gabriel,,1204,Yes,2021-01-15 00:57:36.910874
1565,Gabriel,,1170,No,2021-01-15 02:17:44.661339
1566,Gabriel,,1171,No,2021-01-15 02:17:55.856869
1567,Gabriel,,1172,Yes,2021-01-15 02:18:06.595628
1568,kika,,753,Maybe,2021-01-15 02:52:24.682121
1569,gabriel,,191,No,2021-01-15 03:27:41.11157
1570,Eli,,759,No,2021-01-15 03:27:51.075769
1571,Eli,,1409,No,2021-01-15 03:27:58.375006
1572,Eli,,675,Maybe,2021-01-15 03:28:14.930097
1573,Gabriel,,1246,No,2021-01-15 03:28:16.831906
1574,Eli,,523,No,2021-01-15 03:28:20.474758
1575,Eli,,406,No,2021-01-15 03:28:32.12278
1576,Eli,,390,No,2021-01-15 03:28:37.790749
1577,Gabriel,,1173,No,2021-01-15 03:28:38.413537
1578,Eli,,1107,Maybe,2021-01-15 03:28:45.554203
1579,Eli,,664,No,2021-01-15 03:28:53.503248
1580,Eli,,226,No,2021-01-15 03:28:59.203129
1581,Eli,,4,No,2021-01-15 03:29:03.001793
1582,Eli,,1125,No,2021-01-15 03:29:16.859119
1583,Eli,,1392,Maybe,2021-01-15 03:29:29.639828
1584,Eli,,1072,No,2021-01-15 03:29:48.718359
1585,Eli,,746,No,2021-01-15 03:29:59.430594
1586,Eli,,563,No,2021-01-15 03:30:13.436154
1587,Eli,,531,Maybe,2021-01-15 03:30:28.031206
1588,Eli,,8,No,2021-01-15 03:30:33.309984
1589,Eli,,944,Maybe,2021-01-15 03:31:47.665847
1590,Eli,,570,No,2021-01-15 03:31:51.772287
1591,Eli,,277,Maybe,2021-01-15 03:32:07.351448
1592,Gabriel,,1194,No,2021-01-15 03:32:35.54405
1593,Gabriel,,1174,No,2021-01-15 03:32:45.18731
1594,Eli,,1337,No,2021-01-15 03:33:00.631345
1595,Eli,,538,No,2021-01-15 03:33:08.036925
1596,Eli,,1458,No,2021-01-15 03:33:15.322291
1597,Eli,,535,No,2021-01-15 03:33:18.612036
1598,Eli,,76,No,2021-01-15 03:33:21.259138
1599,Eli,,816,No,2021-01-15 03:33:29.031194
1600,Gabriel,,1175,No,2021-01-15 03:33:38.391418
1601,Eli,,1142,No,2021-01-15 03:33:44.595097
1602,Gabriel,,1176,No,2021-01-15 03:33:48.916271
1603,Eli,,528,No,2021-01-15 03:33:52.062978
1604,Eli,,1222,No,2021-01-15 03:33:56.972039
1605,Gabriel,,1230,No,2021-01-15 03:34:00.838986
1606,Gabriel,,1177,No,2021-01-15 03:34:11.434431
1607,Eli,,505,Maybe,2021-01-15 03:34:12.651125
1608,Eli,,1067,No,2021-01-15 03:34:17.114555
1609,Eli,,764,No,2021-01-15 03:34:20.491723
1610,Eli,,479,Maybe,2021-01-15 03:37:19.710393
1611,Eli,,1027,No,2021-01-15 03:37:25.698968
1612,Eli,,1200,No,2021-01-15 03:38:15.371568
1613,Eli,,1267,Maybe,2021-01-15 03:38:27.595963
1614,Eli,,854,Maybe,2021-01-15 03:38:32.569116
1615,Eli,,1031,No,2021-01-15 03:38:40.268143
1616,Eli,,819,No,2021-01-15 03:38:44.825657
1617,Eli,,249,No,2021-01-15 03:40:30.126584
1618,Eli,,686,Maybe,2021-01-15 03:40:54.100193
1619,Eli,,158,Yes,2021-01-15 03:41:11.355228
1620,Eli,,54,Maybe,2021-01-15 03:41:28.044881
1621,Eli,,213,Maybe,2021-01-15 03:41:38.811722
1622,Eli,,720,Yes,2021-01-15 03:41:52.39352
1623,Eli,,792,No,2021-01-15 03:42:00.029062
1624,Eli,,1343,No,2021-01-15 03:42:52.922902
1625,Eli,,433,Yes,2021-01-15 03:43:03.405876
1626,Gabriel,,1178,No,2021-01-15 03:55:54.41724
1627,Gabriel,,1179,No,2021-01-15 03:56:12.066154
1628,Gabriel,,1258,Yes,2021-01-15 04:06:46.553929
1629,Gabriel,,1335,Maybe,2021-01-15 04:06:59.179221
1630,mario,,599,No,2021-01-15 07:17:28.673852
1631,mario,,304,Yes,2021-01-15 07:17:30.822342
1632,mario,,607,Maybe,2021-01-15 07:17:33.629254
1633,mario,,774,No,2021-01-15 07:20:38.79965
1634,Gabriel,,1180,Yes,2021-01-15 07:47:03.196105
1635,Angela,,821,No,2021-01-16 14:40:01.724787
1636,Angela,,148,No,2021-01-16 14:41:43.351843
1637,Angela,,222,No,2021-01-16 14:41:48.914718
1638,Angela,,702,No,2021-01-16 14:42:00.799253
1639,Angela,,1079,Maybe,2021-01-16 14:42:13.47655
1640,Angela,,363,Maybe,2021-01-16 14:42:22.825185
1641,Angela,,996,No,2021-01-16 14:42:26.395967
1642,Angela,,1141,No,2021-01-16 14:42:33.216466
1643,Angela,,66,No,2021-01-16 14:42:35.877633
1644,Angela,,344,No,2021-01-16 14:42:41.566939
1645,Angela,,1412,Maybe,2021-01-16 14:42:47.362014
1646,Angela,,911,No,2021-01-16 14:42:51.324429
1647,Angela,,1462,No,2021-01-16 14:42:53.59453
1648,Angela,,1295,No,2021-01-16 14:42:55.903123
1649,Angela,,487,No,2021-01-16 14:42:59.742815
1650,Angela,,1454,No,2021-01-16 14:43:07.708131
1651,Angela,,926,No,2021-01-16 14:43:14.83883
1652,Angela,,610,No,2021-01-16 14:43:20.23916
1653,Angela,,1261,No,2021-01-16 14:43:25.360232
1654,Angela,,179,No,2021-01-16 14:43:35.398671
1655,Angela,,1025,No,2021-01-16 14:43:47.389493
1656,Angela,,580,No,2021-01-16 14:43:51.471438
1657,Angela,,1172,No,2021-01-16 14:44:12.642754
1658,Angela,,1260,Maybe,2021-01-16 14:44:24.370918
1659,Angela,,492,Maybe,2021-01-16 14:44:34.601988
1660,Angela,,1472,No,2021-01-16 14:44:43.225745
1661,Angela,,1243,No,2021-01-16 14:44:48.061173
1662,Angela,,1073,No,2021-01-16 14:45:03.747078
1663,Angela,,24,No,2021-01-16 14:45:18.765859
1664,Angela,,476,No,2021-01-16 14:45:22.002776
1665,Angela,,1024,No,2021-01-16 14:45:30.334951
1666,Angela,,1159,Maybe,2021-01-16 14:45:45.466951
1667,Angela,,1070,No,2021-01-16 14:45:54.937641
1668,Angela,,653,No,2021-01-16 14:45:59.408594
1669,Angela,,535,No,2021-01-16 14:46:02.025811
1670,Angela,,1157,No,2021-01-16 14:46:04.734164
1671,Angela,,1113,No,2021-01-16 14:46:11.512258
1672,Angela,,1277,No,2021-01-16 14:55:33.855604
1673,Angela,,1202,Maybe,2021-01-16 14:55:41.282772
1674,Angela,,1288,Maybe,2021-01-16 14:57:06.398685
1675,Angela,,173,No,2021-01-16 14:57:09.216307
1676,Angela,,412,No,2021-01-16 14:57:11.883057
1677,Angela,,811,No,2021-01-16 14:57:19.242161
1678,Angela,,417,No,2021-01-16 14:57:24.149229
1679,Angela,,250,No,2021-01-16 14:57:27.754033
1680,Angela,,286,No,2021-01-16 14:57:30.821309
1681,Angela,,1348,No,2021-01-16 14:57:38.677929
1682,Angela,,1599,Maybe,2021-01-16 14:57:48.915025
1683,Angela,,837,No,2021-01-16 14:57:55.217746
1684,Angela,,1614,Maybe,2021-01-16 14:58:03.464271
1685,Angela,,270,No,2021-01-16 14:58:09.986537
1686,Angela,,277,No,2021-01-16 14:58:13.429206
1687,Angela,,553,No,2021-01-16 14:58:21.802772
1688,Angela,,1580,No,2021-01-16 14:59:37.612455
1689,Angela,,935,No,2021-01-16 14:59:40.446285
1690,Angela,,124,Maybe,2021-01-16 14:59:48.549318
1691,Angela,,421,No,2021-01-16 15:00:10.651543
1692,Angela,,416,No,2021-01-16 15:00:35.029566
1693,Angela,,385,No,2021-01-16 15:00:38.447693
1694,Angela,,162,No,2021-01-16 15:00:44.712809
1695,Angela,,1123,No,2021-01-16 15:00:48.211418
1696,Angela,,1512,Maybe,2021-01-16 15:00:58.286073
1697,Angela,,376,No,2021-01-16 15:01:04.308739
1698,Angela,,1394,No,2021-01-16 15:01:09.099976
1699,Angela,,1641,No,2021-01-16 15:01:21.507717
1700,Angela,,692,Maybe,2021-01-16 15:01:29.618736
1701,Angela,,51,No,2021-01-16 15:01:36.171562
1702,Angela,,241,No,2021-01-16 15:01:42.188728
1703,Angela,,771,No,2021-01-16 15:01:47.150065
1704,Angela,,936,No,2021-01-16 15:01:50.477098
1705,Angela,,533,No,2021-01-16 15:01:58.196146
1706,Angela,,216,No,2021-01-16 15:02:00.460916
1707,Angela,,1354,No,2021-01-16 15:02:09.130052
1708,Angela,,352,No,2021-01-16 15:02:14.703242
1709,Angela,,461,No,2021-01-16 15:02:17.631028
1710,Angela,,289,No,2021-01-16 15:02:23.5913
1711,Angela,,1393,No,2021-01-16 15:02:26.655566
1712,Angela,,856,No,2021-01-16 15:02:29.824636
1713,Angela,,843,No,2021-01-16 15:02:37.147092
1714,Angela,,63,No,2021-01-16 15:02:40.927743
1715,Angela,,779,Maybe,2021-01-16 15:03:03.342442
1716,Angela,,792,No,2021-01-16 15:03:06.586957
1717,Angela,,374,No,2021-01-16 15:03:09.323673
1718,Angela,,333,No,2021-01-16 15:03:13.850469
1719,Angela,,1142,No,2021-01-16 15:03:17.446515
1720,Angela,,1610,No,2021-01-16 15:03:24.304571
1721,Angela,,515,No,2021-01-16 15:03:31.938945
1722,Angela,,327,No,2021-01-16 15:03:36.701858
1723,Angela,,1388,Maybe,2021-01-16 15:03:46.482227
1724,Angela,,853,No,2021-01-16 15:03:53.022213
1725,Angela,,881,No,2021-01-16 15:04:00.444391
1726,Angela,,681,No,2021-01-16 15:04:03.087975
1727,Angela,,1276,No,2021-01-16 15:04:06.022456
1728,Angela,,365,No,2021-01-16 15:04:13.152374
1729,Angela,,255,Maybe,2021-01-16 15:04:21.943996
1730,Angela,,698,Maybe,2021-01-16 15:04:28.485128
1731,Angela,,1416,Maybe,2021-01-16 15:04:39.498822
1732,Angela,,627,No,2021-01-16 15:04:44.403595
1733,Angela,,699,No,2021-01-16 15:04:47.674361
1734,Angela,,275,No,2021-01-16 15:04:50.509615
1735,Angela,,659,No,2021-01-16 15:04:52.916792
1736,Angela,,364,No,2021-01-16 15:04:59.440232
1737,Angela,,731,No,2021-01-16 15:05:06.773182
1738,Angela,,106,No,2021-01-16 15:05:15.824579
1739,Angela,,1026,No,2021-01-16 15:05:24.688102
1740,Angela,,1581,No,2021-01-16 15:05:27.854571
1741,Angela,,1059,No,2021-01-16 15:05:32.34892
1742,Angela,,278,No,2021-01-16 15:05:36.723348
1743,Angela,,404,No,2021-01-16 15:05:39.846521
1744,Angela,,1490,No,2021-01-16 15:05:47.750315
1745,Angela,,791,No,2021-01-16 15:05:54.147646
1746,Angela,,202,No,2021-01-16 15:06:00.684222
1747,Angela,,1564,No,2021-01-16 15:06:03.221521
1748,Angela,,477,No,2021-01-16 15:06:05.897382
1749,Angela,,682,No,2021-01-16 15:06:10.33198
1750,Angela,,809,No,2021-01-16 15:06:22.049546
1751,Angela,,45,Maybe,2021-01-16 15:06:30.177272
1752,Angela,,452,No,2021-01-16 15:06:33.568519
1753,Angela,,258,No,2021-01-16 15:06:42.951263
1754,Angela,,370,No,2021-01-16 15:06:49.2841
1755,Angela,,1463,No,2021-01-16 15:06:56.862834
1756,Angela,,1330,No,2021-01-16 15:07:00.225875
1757,Angela,,962,Maybe,2021-01-16 15:07:09.422818
1760,Angela,,594,No,2021-01-16 15:07:26.350489
1762,Angela,,1140,Maybe,2021-01-16 15:07:47.712333
1763,Angela,,607,No,2021-01-16 15:07:52.028106
1764,Angela,,1302,No,2021-01-16 15:07:55.286979
1765,Angela,,284,No,2021-01-16 15:07:58.743482
1767,Angela,,1143,No,2021-01-16 15:08:10.996662
1771,Angela,,746,No,2021-01-16 15:08:29.152435
1773,Angela,,6,Maybe,2021-01-16 15:08:46.424884
1777,Angela,,1258,No,2021-01-16 15:09:12.102883
1780,Angela,,1300,No,2021-01-16 15:09:27.454638
1782,Angela,,736,No,2021-01-16 15:09:40.821853
1784,Angela,,1244,No,2021-01-16 15:09:47.693059
1785,Angela,,1278,No,2021-01-16 15:09:56.396959
1787,Angela,,1245,No,2021-01-16 15:10:01.620129
1788,Angela,,783,No,2021-01-16 15:10:06.141505
1789,Angela,,457,No,2021-01-16 15:10:09.790332
1791,Angela,,59,No,2021-01-16 15:10:21.80691
1792,Angela,,259,No,2021-01-16 15:10:24.669375
1793,Angela,,433,No,2021-01-16 15:10:27.221891
1796,Angela,,494,Maybe,2021-01-16 15:10:56.97803
1797,Angela,,1343,No,2021-01-16 15:11:01.56436
1798,Angela,,845,No,2021-01-16 15:11:09.626257
1758,Angela,,1652,No,2021-01-16 15:07:11.93095
1759,Angela,,861,No,2021-01-16 15:07:14.80676
1761,Angela,,901,No,2021-01-16 15:07:28.953359
1766,Angela,,704,No,2021-01-16 15:08:05.967939
1768,Angela,,1199,No,2021-01-16 15:08:14.377985
1769,Angela,,368,Maybe,2021-01-16 15:08:22.228331
1770,Angela,,403,No,2021-01-16 15:08:26.858846
1772,Angela,,294,Maybe,2021-01-16 15:08:35.545124
1774,Angela,,183,Maybe,2021-01-16 15:08:58.515792
1775,Angela,,1153,No,2021-01-16 15:09:00.990687
1776,Angela,,248,No,2021-01-16 15:09:03.843567
1778,Angela,,67,Maybe,2021-01-16 15:09:20.750267
1779,Angela,,1507,No,2021-01-16 15:09:23.564807
1781,Angela,,910,No,2021-01-16 15:09:33.497933
1783,Angela,,1056,No,2021-01-16 15:09:43.353542
1786,Angela,,1525,No,2021-01-16 15:09:59.220557
1790,Angela,,273,Maybe,2021-01-16 15:10:18.678449
1794,Angela,,1010,No,2021-01-16 15:10:31.780577
1795,Angela,,743,No,2021-01-16 15:10:34.660802
1799,Angela,,638,No,2021-01-16 15:11:13.633318
1800,Angela,,1315,No,2021-01-16 15:11:18.108933
1801,mario,,1560,No,2021-01-16 16:24:11.224978
1802,mario,,73,No,2021-01-16 16:24:20.348101
1803,Gabriel,,1181,No,2021-01-16 17:34:10.377341
1804,Gabriel,,1182,No,2021-01-16 17:35:01.148309
1805,Gabriel,,1183,No,2021-01-16 17:35:06.045583
1806,Gabriel,,1626,No,2021-01-16 17:35:43.810767
1807,Gabriel,,1184,No,2021-01-16 17:35:47.654583
1808,Gabriel,,1546,Maybe,2021-01-16 22:56:43.600368
1809,Gabriel,,1185,No,2021-01-16 22:56:59.135124
1810,Gabriel,,1186,No,2021-01-17 15:03:29.405842
1811,Gabriel,,1635,No,2021-01-17 15:03:39.70164
1812,Gabriel,,1187,Yes,2021-01-17 15:03:47.129247
1813,Gabriel,,1647,No,2021-01-17 15:03:50.894063
1814,Gabriel,,1188,No,2021-01-19 18:54:30.944403
1815,Gabriel,,1259,No,2021-01-19 18:54:46.068578
1816,Gabriel,,1189,Maybe,2021-01-19 18:55:37.329609
1817,Gabriel,,1582,No,2021-01-19 18:56:11.387271
